Resolved "production" environment for the build. Learn more: https://docs.expo.dev/eas/environment-variables/#setting-the-environment-for-your-builds
No environment variables with visibility "Plain text" and "Sensitive" found for the "production" environment on EAS.
Environment variables loaded from the "production" build profile "env" configuration: EXPO_PUBLIC_APP_CONFIG.

✔ Using remote Android credentials (Expo server)
ANDROID_NDK_HOME environment variable was not specified, continuing build without NDK
[SETUP_WORKINGDIR] Preparing workingdir /var/folders/n6/wzlyq5jx3553076lwg6z9x200000gn/T/eas-build-local-nodejs/40bea17f-40ab-4bb2-93cc-069de72f6d06
[START_BUILD] Starting build
  "job": {
    "type": "managed",
    "platform": "android",
    "projectRootDirectory": ".",
    "projectArchive": {
      "type": "PATH",
      "path": "/var/folders/n6/wzlyq5jx3553076lwg6z9x200000gn/T/eas-cli-nodejs/8bd11235-e39c-4fc5-8ebc-cbe9c50c70e5.tar.gz"
    },
    "builderEnvironment": {
      "env": {
        "EXPO_PUBLIC_APP_CONFIG": "app.prod.json"
      }
    },
    "cache": {
      "disabled": false,
      "paths": [],
      "clear": false
    },
    "updates": {},
    "username": "yakyakjack",
    "version": {
      "versionCode": "6"
    },
    "experimental": {},
    "mode": "build",
    "triggeredBy": "EAS_CLI",
    "appId": "67a8dfaf-4d9a-4d5d-bf99-1df4e4619bc8",
    "initiatingUserId": "2f4f8841-b8e0-48c5-95ff-44ab2c85cba9"
  }
[READ_PACKAGE_JSON] Using package.json:
[READ_PACKAGE_JSON] {
  "name": "orbyt",
  "version": "1.0.0",
  "main": "index.ts",
  "license": "MIT",
  "scripts": {
    "start": "expo start",
    "android": "expo run:android",
    "ios": "expo run:ios",
    "web": "expo start --web",
    "postinstall": "pod-install",
    "build:dev": "node build-config.js && eas build --profile development",
    "build:preview": "node build-config.js && eas build --profile preview",
    "build:prod": "node build-config.js && eas build --profile production",
    "serve:docs": "npx serve docs -l 5173 --single"
  },
  "dependencies": {
    "@atproto/api": "^0.15.19",
    "@expo/config-plugins": "~10.1.1",
    "@expo/prebuild-config": "~9.0.0",
    "@expo/vector-icons": "^14.0.4",
    "@gorhom/bottom-sheet": "^5.1.6",
    "@iconify-json/streamline-pixel": "^1.2.0",
    "@react-native-async-storage/async-storage": "2.1.2",
    "@react-navigation/bottom-tabs": "^7.2.0",
    "@react-navigation/native": "^7.0.15",
    "@react-navigation/native-stack": "^7.2.1",
    "@tanstack/react-query": "^5.67.2",
    "date-fns": "^4.1.0",
    "expo": "53.0.20",
    "expo-background-fetch": "^13.1.6",
    "expo-blur": "~14.1.5",
    "expo-constants": "^17.1.7",
    "expo-dev-client": "^5.2.4",
    "expo-device": "^7.1.4",
    "expo-file-system": "~18.1.8",
    "expo-font": "~13.3.0",
    "expo-image-picker": "~16.1.4",
    "expo-linear-gradient": "~14.1.5",
    "expo-media-library": "~17.1.7",
    "expo-secure-store": "^14.2.3",
    "expo-status-bar": "^2.2.3",
    "expo-task-manager": "^13.1.6",
    "react": "19.0.0",
    "react-native": "0.79.5",
    "react-native-compressor": "^1.12.0",
    "react-native-gesture-handler": "~2.24.0",
    "react-native-image-colors": "^2.5.0",
    "react-native-keyboard-controller": "^1.17.5",
    "react-native-linear-gradient": "^2.8.3",
    "react-native-reanimated": "3.17.5",
    "react-native-safe-area-context": "5.4.0",
    "react-native-screens": "~4.11.1",
    "react-native-shimmer-placeholder": "^2.0.9",
    "react-native-svg": "15.11.2",
    "react-native-video": "^6.16.1",
    "react-native-vision-camera": "^4.7.0",
    "react-native-worklets-core": "^1.6.0",
    "zustand": "^5.0.7"
  },
  "devDependencies": {
    "@babel/core": "^7.20.0",
    "@iconify-json/pixelarticons": "^1.2.2",
    "@types/node": "*",
    "@types/react": "~19.0.10",
    "babel-preset-expo": "~13.0.0",
    "expo-build-properties": "^0.12.5",
    "depcheck": "^1.4.7",
    "pod-install": "^0.3.7",
    "prop-types": "^15.8.1",
    "serve": "^14.2.4",
    "typescript": "^5.1.6"
  },
  "private": true,
  "resolutions": {
    "react": "19.0.0"
  },
  "expo": {
    "doctor": {
      "reactNativeDirectoryCheck": {
        "listUnknownPackages": false
      }
    }
  }
}
[INSTALL_DEPENDENCIES] Running "yarn install" in /var/folders/n6/wzlyq5jx3553076lwg6z9x200000gn/T/eas-build-local-nodejs/40bea17f-40ab-4bb2-93cc-069de72f6d06/build directory
[INSTALL_DEPENDENCIES] yarn install v1.22.22
[INSTALL_DEPENDENCIES] [1/4] Resolving packages...
[INSTALL_DEPENDENCIES] [2/4] Fetching packages...
[INSTALL_DEPENDENCIES] [3/4] Linking dependencies...
[INSTALL_DEPENDENCIES] [4/4] Building fresh packages...
[INSTALL_DEPENDENCIES] $ pod-install
[INSTALL_DEPENDENCIES] ⚠️ No 'ios' directory found, skipping installing pods. 
[INSTALL_DEPENDENCIES] Pods will be automatically installed when the 'ios' directory is generated with 'npx expo prebuild' or 'npx expo run:ios'. Learn more: https://docs.expo.dev/workflow/prebuild/
[INSTALL_DEPENDENCIES] Done in 9.68s.
[READ_APP_CONFIG] Using app configuration:
[READ_APP_CONFIG] {
  "name": "orbyt",
  "slug": "byte-app",
  "version": "1.0.0",
  "orientation": "portrait",
  "icon": "./src/assets/icon-prod.png",
  "userInterfaceStyle": "dark",
  "newArchEnabled": true,
  "splash": {
    "image": "./src/assets/adaptive-icon.png",
    "resizeMode": "contain",
    "backgroundColor": "#000000"
  },
  "ios": {
    "supportsTablet": true,
    "bundleIdentifier": "com.getorbyt.app",
    "infoPlist": {
      "ITSAppUsesNonExemptEncryption": false,
      "NSCameraUsageDescription": "This app needs access to your camera to take photos and record videos",
      "NSMicrophoneUsageDescription": "This app needs access to your microphone for recording videos with sound",
      "NSPhotoLibraryUsageDescription": "This app needs access to your photo library to select profile pictures and share photos",
      "NSPhotoLibraryAddUsageDescription": "This app needs permission to save photos to your photo library",
      "LSApplicationQueriesSchemes": [
        "mailto"
      ]
    }
  },
  "android": {
    "adaptiveIcon": {
      "foregroundImage": "./src/assets/icon-prod.png",
      "backgroundColor": "#ffffff"
    },
    "package": "com.orbyt.app",
    "permissions": [
      "android.permission.CAMERA",
      "android.permission.RECORD_AUDIO",
      "android.permission.CAMERA",
      "android.permission.RECORD_AUDIO"
    ]
  },
  "web": {
    "favicon": "./src/assets/favicon.png"
  },
  "plugins": [
    "expo-font",
    "react-native-vision-camera",
    [
      "expo-image-picker",
      {
        "photosPermission": "This app needs access to your photo library to select profile pictures and share photos.",
        "cameraPermission": "This app needs access to your camera to take photos for your profile picture."
      }
    ],
    "react-native-edge-to-edge",
    [
      "expo-build-properties",
      {
        "android": {
          "packagingOptions": {
            "pickFirsts": [
              "builddef.lst",
              "**/builddef.lst"
            ],
            "excludes": [
              "builddef.lst",
              "**/builddef.lst"
            ]
          }
        }
      }
    ]
  ],
  "extra": {
    "eas": {
      "projectId": "67a8dfaf-4d9a-4d5d-bf99-1df4e4619bc8"
    }
  },
  "owner": "orbyt",
  "sdkVersion": "53.0.0",
  "platforms": [
    "ios",
    "android"
  ]
}
[RUN_EXPO_DOCTOR] Running "expo doctor"
[RUN_EXPO_DOCTOR] Running 15 checks on your project...
[RUN_EXPO_DOCTOR] 14/15 checks passed. 1 checks failed. Possible issues detected:
[RUN_EXPO_DOCTOR] Use the --verbose flag to see more details about passed checks.
[RUN_EXPO_DOCTOR] 
[RUN_EXPO_DOCTOR] ✖ Check that packages match versions required by installed Expo SDK
[RUN_EXPO_DOCTOR] The following packages should be updated for best compatibility with the installed expo version:
[RUN_EXPO_DOCTOR]   expo-build-properties@0.12.5 - expected version: ~0.14.8
[RUN_EXPO_DOCTOR] Your project may not work correctly until you install the expected versions of the packages.
[RUN_EXPO_DOCTOR] Found outdated dependencies
[RUN_EXPO_DOCTOR] Advice:
[RUN_EXPO_DOCTOR] Use 'npx expo install --check' to review and upgrade your dependencies.
[PREBUILD] yarn run v1.22.22
[PREBUILD] $ /private/var/folders/n6/wzlyq5jx3553076lwg6z9x200000gn/T/eas-build-local-nodejs/40bea17f-40ab-4bb2-93cc-069de72f6d06/build/node_modules/.bin/expo prebuild --no-install --platform android
[PREBUILD] - Creating native directory (./android)
[PREBUILD] ✔ Created native directory
[PREBUILD] - Updating package.json
[PREBUILD] ✔ Updated package.json | no changes
[PREBUILD] - Running prebuild
[PREBUILD] - Running prebuild
[PREBUILD] ✔ Finished prebuild
[PREBUILD] Done in 3.30s.
[PREBUILD] Running "yarn install" in /var/folders/n6/wzlyq5jx3553076lwg6z9x200000gn/T/eas-build-local-nodejs/40bea17f-40ab-4bb2-93cc-069de72f6d06/build directory
[PREBUILD] yarn install v1.22.22
[PREBUILD] [1/4] Resolving packages...
[PREBUILD] success Already up-to-date.
[PREBUILD] $ pod-install
[PREBUILD] ⚠️ No 'ios' directory found, skipping installing pods. 
[PREBUILD] Pods will be automatically installed when the 'ios' directory is generated with 'npx expo prebuild' or 'npx expo run:ios'. Learn more: https://docs.expo.dev/workflow/prebuild/
[PREBUILD] Done in 0.50s.
[PREPARE_CREDENTIALS] Writing secrets to the project's directory
[PREPARE_CREDENTIALS] Injecting signing config into build.gradle
[EAGER_BUNDLE] yarn run v1.22.22
[EAGER_BUNDLE] $ /private/var/folders/n6/wzlyq5jx3553076lwg6z9x200000gn/T/eas-build-local-nodejs/40bea17f-40ab-4bb2-93cc-069de72f6d06/build/node_modules/.bin/expo export:embed --eager --platform android --dev false
[EAGER_BUNDLE] Starting Metro Bundler
[EAGER_BUNDLE] Android ./index.ts ▓▓▓░░░░░░░░░░░░░ 23.4% (241/498)
[EAGER_BUNDLE] Android ./index.ts ▓▓▓▓▓▓▓▓▓░░░░░░░ 58.5% ( 837/1094)
[EAGER_BUNDLE] WARN  Attempted to import the module "/private/var/folders/n6/wzlyq5jx3553076lwg6z9x200000gn/T/eas-build-local-nodejs/40bea17f-40ab-4bb2-93cc-069de72f6d06/build/node_modules/multiformats/cjs/src/cid.js" which is not listed in the "exports" of "/private/var/folders/n6/wzlyq5jx3553076lwg6z9x200000gn/T/eas-build-local-nodejs/40bea17f-40ab-4bb2-93cc-069de72f6d06/build/node_modules/multiformats" under the requested subpath "./cjs/src/cid.js". Falling back to file-based resolution. Consider updating the call site or asking the package maintainer(s) to expose this API.
[EAGER_BUNDLE] WARN  Attempted to import the module "/private/var/folders/n6/wzlyq5jx3553076lwg6z9x200000gn/T/eas-build-local-nodejs/40bea17f-40ab-4bb2-93cc-069de72f6d06/build/node_modules/multiformats/cjs/src/cid.js" which is not listed in the "exports" of "/private/var/folders/n6/wzlyq5jx3553076lwg6z9x200000gn/T/eas-build-local-nodejs/40bea17f-40ab-4bb2-93cc-069de72f6d06/build/node_modules/multiformats" under the requested subpath "./cjs/src/cid.js". Falling back to file-based resolution. Consider updating the call site or asking the package maintainer(s) to expose this API.
[EAGER_BUNDLE] WARN  Attempted to import the module "/private/var/folders/n6/wzlyq5jx3553076lwg6z9x200000gn/T/eas-build-local-nodejs/40bea17f-40ab-4bb2-93cc-069de72f6d06/build/node_modules/multiformats/cjs/src/cid.js" which is not listed in the "exports" of "/private/var/folders/n6/wzlyq5jx3553076lwg6z9x200000gn/T/eas-build-local-nodejs/40bea17f-40ab-4bb2-93cc-069de72f6d06/build/node_modules/multiformats" under the requested subpath "./cjs/src/cid.js". Falling back to file-based resolution. Consider updating the call site or asking the package maintainer(s) to expose this API.
[EAGER_BUNDLE] Android ./index.ts ▓▓▓▓▓▓▓▓▓▓▓▓▓░░░ 82.3% (1846/2162)
[EAGER_BUNDLE] WARN  Attempted to import the module "/private/var/folders/n6/wzlyq5jx3553076lwg6z9x200000gn/T/eas-build-local-nodejs/40bea17f-40ab-4bb2-93cc-069de72f6d06/build/node_modules/multiformats/cjs/src/basics.js" which is not listed in the "exports" of "/private/var/folders/n6/wzlyq5jx3553076lwg6z9x200000gn/T/eas-build-local-nodejs/40bea17f-40ab-4bb2-93cc-069de72f6d06/build/node_modules/multiformats" under the requested subpath "./cjs/src/basics.js". Falling back to file-based resolution. Consider updating the call site or asking the package maintainer(s) to expose this API.
[EAGER_BUNDLE] Android Bundled 11356ms index.ts (2351 modules)
[EAGER_BUNDLE] Writing bundle output to: /var/folders/n6/wzlyq5jx3553076lwg6z9x200000gn/T/rei12wva9k8/index.js
[EAGER_BUNDLE] Copying 48 asset files
[EAGER_BUNDLE] Done writing bundle output
[EAGER_BUNDLE] Done in 16.69s.
[RUN_GRADLEW] Running 'gradlew :app:bundleRelease' in /var/folders/n6/wzlyq5jx3553076lwg6z9x200000gn/T/eas-build-local-nodejs/40bea17f-40ab-4bb2-93cc-069de72f6d06/build/android
[RUN_GRADLEW] > Task :gradle-plugin:settings-plugin:checkKotlinGradlePluginConfigurationErrors SKIPPED
[RUN_GRADLEW] > Task :gradle-plugin:shared:checkKotlinGradlePluginConfigurationErrors SKIPPED
[RUN_GRADLEW] > Task :expo-gradle-plugin:expo-autolinking-plugin-shared:checkKotlinGradlePluginConfigurationErrors
[RUN_GRADLEW] > Task :expo-gradle-plugin:expo-autolinking-plugin-shared:processResources NO-SOURCE
[RUN_GRADLEW] > Task :expo-gradle-plugin:expo-autolinking-settings-plugin:checkKotlinGradlePluginConfigurationErrors
[RUN_GRADLEW] > Task :gradle-plugin:shared:processResources
[RUN_GRADLEW] NO-SOURCE
[RUN_GRADLEW] > Task :expo-gradle-plugin:expo-autolinking-settings-plugin:pluginDescriptors
[RUN_GRADLEW] > Task :gradle-plugin:settings-plugin:pluginDescriptors
[RUN_GRADLEW] > Task :expo-gradle-plugin:expo-autolinking-settings-plugin:processResources
[RUN_GRADLEW] > Task :gradle-plugin:settings-plugin:processResources
[RUN_GRADLEW] > Task :gradle-plugin:shared:compileKotlin
[RUN_GRADLEW] > Task :gradle-plugin:shared:compileJava NO-SOURCE
[RUN_GRADLEW] > Task :gradle-plugin:shared:classes
[RUN_GRADLEW] UP-TO-DATE
[RUN_GRADLEW] > Task :gradle-plugin:shared:jar
[RUN_GRADLEW] > Task :gradle-plugin:settings-plugin:compileKotlin
[RUN_GRADLEW] > Task :gradle-plugin:settings-plugin:compileJava NO-SOURCE
[RUN_GRADLEW] > Task :gradle-plugin:settings-plugin:classes
[RUN_GRADLEW] > Task :gradle-plugin:settings-plugin:jar
[RUN_GRADLEW] > Task :expo-gradle-plugin:expo-autolinking-plugin-shared:compileKotlin
[RUN_GRADLEW] > Task :expo-gradle-plugin:expo-autolinking-plugin-shared:compileJava NO-SOURCE
[RUN_GRADLEW] > Task :expo-gradle-plugin:expo-autolinking-plugin-shared:classes UP-TO-DATE
[RUN_GRADLEW] > Task :expo-gradle-plugin:expo-autolinking-plugin-shared:jar
[RUN_GRADLEW] > Task :expo-gradle-plugin:expo-autolinking-settings-plugin:compileKotlin
[RUN_GRADLEW] > Task :expo-gradle-plugin:expo-autolinking-settings-plugin:compileJava NO-SOURCE
[RUN_GRADLEW] > Task :expo-gradle-plugin:expo-autolinking-settings-plugin:classes
[RUN_GRADLEW] > Task :expo-gradle-plugin:expo-autolinking-settings-plugin:jar
[RUN_GRADLEW] > Task :gradle-plugin:react-native-gradle-plugin:checkKotlinGradlePluginConfigurationErrors SKIPPED
[RUN_GRADLEW] > Task :expo-gradle-plugin:expo-autolinking-plugin:checkKotlinGradlePluginConfigurationErrors
[RUN_GRADLEW] > Task :expo-dev-launcher-gradle-plugin:checkKotlinGradlePluginConfigurationErrors
[RUN_GRADLEW] > Task :expo-module-gradle-plugin:checkKotlinGradlePluginConfigurationErrors
[RUN_GRADLEW] > Task :expo-dev-launcher-gradle-plugin:pluginDescriptors
[RUN_GRADLEW] > Task :expo-module-gradle-plugin:pluginDescriptors
[RUN_GRADLEW] > Task :expo-dev-launcher-gradle-plugin:processResources
[RUN_GRADLEW] > Task :expo-module-gradle-plugin:processResources
[RUN_GRADLEW] > Task :expo-gradle-plugin:expo-autolinking-plugin:pluginDescriptors
[RUN_GRADLEW] > Task :expo-gradle-plugin:expo-autolinking-plugin:processResources
[RUN_GRADLEW] > Task :gradle-plugin:react-native-gradle-plugin:pluginDescriptors
[RUN_GRADLEW] > Task :gradle-plugin:react-native-gradle-plugin:processResources
[RUN_GRADLEW] > Task :expo-gradle-plugin:expo-autolinking-plugin:compileKotlin
[RUN_GRADLEW] w: file:///private/var/folders/n6/wzlyq5jx3553076lwg6z9x200000gn/T/eas-build-local-nodejs/40bea17f-40ab-4bb2-93cc-069de72f6d06/build/node_modules/expo-modules-autolinking/android/expo-gradle-plugin/expo-autolinking-plugin/src/main/kotlin/expo/modules/plugin/ExpoAutolinkingPlugin.kt:29:71 Name shadowed: project
[RUN_GRADLEW] > Task :expo-gradle-plugin:expo-autolinking-plugin:compileJava NO-SOURCE
[RUN_GRADLEW] > Task :expo-gradle-plugin:expo-autolinking-plugin:classes
[RUN_GRADLEW] > Task :expo-gradle-plugin:expo-autolinking-plugin:jar
[RUN_GRADLEW] > Task :gradle-plugin:react-native-gradle-plugin:compileKotlin
[RUN_GRADLEW] > Task :gradle-plugin:react-native-gradle-plugin:compileJava NO-SOURCE
[RUN_GRADLEW] > Task :gradle-plugin:react-native-gradle-plugin:classes
[RUN_GRADLEW] > Task :gradle-plugin:react-native-gradle-plugin:jar
[RUN_GRADLEW] > Task :expo-dev-launcher-gradle-plugin:compileKotlin
[RUN_GRADLEW] > Task :expo-dev-launcher-gradle-plugin:compileJava
[RUN_GRADLEW] NO-SOURCE
[RUN_GRADLEW] > Task :expo-dev-launcher-gradle-plugin:classes
[RUN_GRADLEW] > Task :expo-dev-launcher-gradle-plugin:jar
[RUN_GRADLEW] > Task :expo-module-gradle-plugin:compileKotlin
[RUN_GRADLEW] w: file:///private/var/folders/n6/wzlyq5jx3553076lwg6z9x200000gn/T/eas-build-local-nodejs/40bea17f-40ab-4bb2-93cc-069de72f6d06/build/node_modules/expo-modules-core/expo-module-gradle-plugin/src/main/kotlin/expo/modules/plugin/android/AndroidLibraryExtension.kt:9:24 'targetSdk: Int?' is deprecated. Will be removed from library DSL in v9.0. Use testOptions.targetSdk or/and lint.targetSdk instead
[RUN_GRADLEW] > Task :expo-module-gradle-plugin:compileJava NO-SOURCE
[RUN_GRADLEW] > Task :expo-module-gradle-plugin:classes
[RUN_GRADLEW] > Task :expo-module-gradle-plugin:jar
[RUN_GRADLEW] > Configure project :
[RUN_GRADLEW] [32m[ExpoRootProject][0m Using the following versions:
[RUN_GRADLEW]   - buildTools:  [32m35.0.0[0m
[RUN_GRADLEW]   - minSdk:      [32m24[0m
[RUN_GRADLEW]   - compileSdk:  [32m35[0m
[RUN_GRADLEW]   - targetSdk:   [32m35[0m
[RUN_GRADLEW]   - ndk:         [32m27.1.12297006[0m
[RUN_GRADLEW]   - kotlin:      [32m2.0.21[0m
[RUN_GRADLEW]   - ksp:         [32m2.0.21-1.0.28[0m
[RUN_GRADLEW] > Configure project :app
[RUN_GRADLEW] ℹ️  [33mApplying gradle plugin[0m '[32mexpo-dev-launcher-gradle-plugin[0m'
[RUN_GRADLEW] > Configure project :expo
[RUN_GRADLEW] Using expo modules
[RUN_GRADLEW]   - [32mexpo-constants[0m (17.1.7)
[RUN_GRADLEW]   - [32mexpo-dev-client[0m (5.2.4)
[RUN_GRADLEW]   - [32mexpo-dev-launcher[0m (5.1.16)
[RUN_GRADLEW]   - [32mexpo-dev-menu[0m (6.1.14)
[RUN_GRADLEW]   - [32mexpo-dev-menu-interface[0m (1.10.0)
[RUN_GRADLEW]   - [32mexpo-image-loader[0m (5.1.0)
[RUN_GRADLEW]   - [32mexpo-json-utils[0m (0.15.0)
[RUN_GRADLEW]   - [32mexpo-manifests[0m (0.16.6)
[RUN_GRADLEW]   - [32mexpo-modules-core[0m (2.5.0)
[RUN_GRADLEW]   - [32mexpo-updates-interface[0m (1.1.0)
[RUN_GRADLEW]   - [32mreact-native-image-colors[0m (2.0.0)
[RUN_GRADLEW] - [33m[📦][0m [32mexpo-asset[0m (11.1.7)
[RUN_GRADLEW]   - [33m[📦][0m [32mexpo-background-fetch[0m (13.1.6)
[RUN_GRADLEW]   - [33m[📦][0m [32mexpo-blur[0m (14.1.5)
[RUN_GRADLEW] - [33m[📦][0m [32mexpo-device[0m (7.1.4)
[RUN_GRADLEW]   - [33m[📦][0m [32mexpo-file-system[0m (18.1.11)
[RUN_GRADLEW]   - [33m[📦][0m [32mexpo-font[0m (13.3.2)
[RUN_GRADLEW]   - [33m[📦][0m [32mexpo-image-picker[0m (16.1.4)
[RUN_GRADLEW] - [33m[📦][0m [32mexpo-keep-awake[0m (14.1.4)
[RUN_GRADLEW]   - [33m[📦][0m [32mexpo-linear-gradient[0m (14.1.5)
[RUN_GRADLEW] - [33m[📦][0m [32mexpo-media-library[0m (17.1.7)
[RUN_GRADLEW] - [33m[📦][0m [32mexpo-secure-store[0m (14.2.3)
[RUN_GRADLEW]   - [33m[📦][0m [32mexpo-task-manager[0m (13.1.6)
[RUN_GRADLEW]   - [33m[📦][0m [32munimodules-app-loader[0m (5.1.3)
[RUN_GRADLEW] > Configure project :react-native-reanimated
[RUN_GRADLEW] Android gradle plugin: 8.8.2
[RUN_GRADLEW] Gradle: 8.13
[RUN_GRADLEW] > Configure project :react-native-video
[RUN_GRADLEW] Kotlin version is correct: 2.0.21
[RUN_GRADLEW] AndroidX version is correct: 1.9.3
[RUN_GRADLEW] useExoplayerIMA: false
[RUN_GRADLEW] useExoplayerSmoothStreaming: true
[RUN_GRADLEW] useExoplayerDash: true
[RUN_GRADLEW] useExoplayerHls: true
[RUN_GRADLEW] useExoplayerRtsp: false
[RUN_GRADLEW] buildFromSource: false
[RUN_GRADLEW] > Configure project :react-native-vision-camera
[RUN_GRADLEW] [VisionCamera] Thank you for using VisionCamera ❤️
[RUN_GRADLEW] [VisionCamera] If you enjoy using VisionCamera, please consider sponsoring this project: https://github.com/sponsors/mrousavy
[RUN_GRADLEW] [VisionCamera] node_modules found at /private/var/folders/n6/wzlyq5jx3553076lwg6z9x200000gn/T/eas-build-local-nodejs/40bea17f-40ab-4bb2-93cc-069de72f6d06/build/node_modules
[RUN_GRADLEW] [VisionCamera] VisionCamera_enableFrameProcessors is set to true!
[RUN_GRADLEW] [VisionCamera] react-native-worklets-core found, Frame Processors are enabled!
[RUN_GRADLEW] [VisionCamera] VisionCamera_enableCodeScanner is set to false!
[RUN_GRADLEW] > Task :app:createBundleReleaseJsAndAssets
[RUN_GRADLEW] Starting Metro Bundler
[RUN_GRADLEW] warning: Bundler cache is empty, rebuilding (this may take a minute)
[RUN_GRADLEW] Android ./index.ts ▓▓▓▓░░░░░░░░░░░░ 31.1% (381/683)
[RUN_GRADLEW] WARN  Attempted to import the module "/private/var/folders/n6/wzlyq5jx3553076lwg6z9x200000gn/T/eas-build-local-nodejs/40bea17f-40ab-4bb2-93cc-069de72f6d06/build/node_modules/multiformats/cjs/src/cid.js" which is not listed in the "exports" of "/private/var/folders/n6/wzlyq5jx3553076lwg6z9x200000gn/T/eas-build-local-nodejs/40bea17f-40ab-4bb2-93cc-069de72f6d06/build/node_modules/multiformats" under the requested subpath "./cjs/src/cid.js". Falling back to file-based resolution. Consider updating the call site or asking the package maintainer(s) to expose this API.
[RUN_GRADLEW]  WARN  Attempted to import the module "/private/var/folders/n6/wzlyq5jx3553076lwg6z9x200000gn/T/eas-build-local-nodejs/40bea17f-40ab-4bb2-93cc-069de72f6d06/build/node_modules/multiformats/cjs/src/cid.js" which is not listed in the "exports" of "/private/var/folders/n6/wzlyq5jx3553076lwg6z9x200000gn/T/eas-build-local-nodejs/40bea17f-40ab-4bb2-93cc-069de72f6d06/build/node_modules/multiformats" under the requested subpath "./cjs/src/cid.js". Falling back to file-based resolution. Consider updating the call site or asking the package maintainer(s) to expose this API.
[RUN_GRADLEW] Android ./index.ts ▓▓▓▓▓▓▓▓▓░░░░░░░ 60.4% (1140/1615)
[RUN_GRADLEW] WARN  Attempted to import the module "/private/var/folders/n6/wzlyq5jx3553076lwg6z9x200000gn/T/eas-build-local-nodejs/40bea17f-40ab-4bb2-93cc-069de72f6d06/build/node_modules/multiformats/cjs/src/cid.js" which is not listed in the "exports" of "/private/var/folders/n6/wzlyq5jx3553076lwg6z9x200000gn/T/eas-build-local-nodejs/40bea17f-40ab-4bb2-93cc-069de72f6d06/build/node_modules/multiformats" under the requested subpath "./cjs/src/cid.js". Falling back to file-based resolution. Consider updating the call site or asking the package maintainer(s) to expose this API.
[RUN_GRADLEW] WARN  Attempted to import the module "/private/var/folders/n6/wzlyq5jx3553076lwg6z9x200000gn/T/eas-build-local-nodejs/40bea17f-40ab-4bb2-93cc-069de72f6d06/build/node_modules/multiformats/cjs/src/basics.js" which is not listed in the "exports" of "/private/var/folders/n6/wzlyq5jx3553076lwg6z9x200000gn/T/eas-build-local-nodejs/40bea17f-40ab-4bb2-93cc-069de72f6d06/build/node_modules/multiformats" under the requested subpath "./cjs/src/basics.js". Falling back to file-based resolution. Consider updating the call site or asking the package maintainer(s) to expose this API.
[RUN_GRADLEW] Android ./index.ts ▓▓▓▓▓▓▓▓▓▓▓▓▓▓▓░ 99.9% (2351/2351)
[RUN_GRADLEW] Android Bundled 10605ms index.ts (2351 modules)
[RUN_GRADLEW] Writing bundle output to: /private/var/folders/n6/wzlyq5jx3553076lwg6z9x200000gn/T/eas-build-local-nodejs/40bea17f-40ab-4bb2-93cc-069de72f6d06/build/android/app/build/generated/assets/createBundleReleaseJsAndAssets/index.android.bundle
[RUN_GRADLEW] Writing sourcemap output to: /private/var/folders/n6/wzlyq5jx3553076lwg6z9x200000gn/T/eas-build-local-nodejs/40bea17f-40ab-4bb2-93cc-069de72f6d06/build/android/app/build/intermediates/sourcemaps/react/release/index.android.bundle.packager.map
[RUN_GRADLEW] Copying 48 asset files
[RUN_GRADLEW] Done writing bundle output
[RUN_GRADLEW] Done writing sourcemap output
[RUN_GRADLEW] > Task :app:generateAutolinkingNewArchitectureFiles
[RUN_GRADLEW] > Task :app:generateAutolinkingPackageList
[RUN_GRADLEW] > Task :app:generateCodegenSchemaFromJavaScript SKIPPED
[RUN_GRADLEW] > Task :app:generateCodegenArtifactsFromSchema SKIPPED
[RUN_GRADLEW] > Task :app:preBuild
[RUN_GRADLEW] > Task :app:preReleaseBuild
[RUN_GRADLEW] > Task :app:generateReleaseResValues
[RUN_GRADLEW] > Task :expo:generatePackagesList
[RUN_GRADLEW] > Task :expo:preBuild
[RUN_GRADLEW] > Task :expo:preReleaseBuild
[RUN_GRADLEW] > Task :expo:generateReleaseResValues
[RUN_GRADLEW] > Task :expo:generateReleaseResources
[RUN_GRADLEW] > Task :expo:packageReleaseResources
[RUN_GRADLEW] > Task :expo-constants:createExpoConfig
[RUN_GRADLEW] > Task :expo-constants:preBuild
[RUN_GRADLEW] > Task :expo-constants:preReleaseBuild
[RUN_GRADLEW] > Task :expo-constants:generateReleaseResValues
[RUN_GRADLEW] > Task :expo-constants:generateReleaseResources
[RUN_GRADLEW] > Task :expo-constants:packageReleaseResources
[RUN_GRADLEW] > Task :expo-dev-client:preBuild UP-TO-DATE
[RUN_GRADLEW] > Task :expo-dev-client:preReleaseBuild UP-TO-DATE
[RUN_GRADLEW] > Task :expo-dev-client:generateReleaseResValues
[RUN_GRADLEW] > Task :expo-dev-client:generateReleaseResources
[RUN_GRADLEW] > Task :expo-dev-client:packageReleaseResources
[RUN_GRADLEW] > Task :expo-dev-launcher:preBuild UP-TO-DATE
[RUN_GRADLEW] > Task :expo-dev-launcher:preReleaseBuild UP-TO-DATE
[RUN_GRADLEW] > Task :expo-dev-launcher:generateReleaseResValues
[RUN_GRADLEW] > Task :expo-dev-launcher:generateReleaseResources
[RUN_GRADLEW] > Task :expo-dev-launcher:packageReleaseResources
[RUN_GRADLEW] > Task :expo-dev-menu:clenupAssets UP-TO-DATE
[RUN_GRADLEW] > Task :expo-dev-menu:copyAssets
[RUN_GRADLEW] > Task :expo-dev-menu:preBuild
[RUN_GRADLEW] > Task :expo-dev-menu:preReleaseBuild
[RUN_GRADLEW] > Task :expo-dev-menu:generateReleaseResValues
[RUN_GRADLEW] > Task :expo-dev-menu:generateReleaseResources
[RUN_GRADLEW] > Task :expo-dev-menu:packageReleaseResources
[RUN_GRADLEW] > Task :expo-dev-menu-interface:preBuild UP-TO-DATE
[RUN_GRADLEW] > Task :expo-dev-menu-interface:preReleaseBuild UP-TO-DATE
[RUN_GRADLEW] > Task :expo-dev-menu-interface:generateReleaseResValues
[RUN_GRADLEW] > Task :expo-dev-menu-interface:generateReleaseResources
[RUN_GRADLEW] > Task :expo-dev-menu-interface:packageReleaseResources
[RUN_GRADLEW] > Task :expo-image-loader:preBuild UP-TO-DATE
[RUN_GRADLEW] > Task :expo-image-loader:preReleaseBuild UP-TO-DATE
[RUN_GRADLEW] > Task :expo-image-loader:generateReleaseResValues
[RUN_GRADLEW] > Task :expo-image-loader:generateReleaseResources
[RUN_GRADLEW] > Task :expo-image-loader:packageReleaseResources
[RUN_GRADLEW] > Task :expo-json-utils:preBuild UP-TO-DATE
[RUN_GRADLEW] > Task :expo-json-utils:preReleaseBuild UP-TO-DATE
[RUN_GRADLEW] > Task :expo-json-utils:generateReleaseResValues
[RUN_GRADLEW] > Task :expo-json-utils:generateReleaseResources
[RUN_GRADLEW] > Task :expo-json-utils:packageReleaseResources
[RUN_GRADLEW] > Task :expo-manifests:preBuild UP-TO-DATE
[RUN_GRADLEW] > Task :expo-manifests:preReleaseBuild UP-TO-DATE
[RUN_GRADLEW] > Task :expo-manifests:generateReleaseResValues
[RUN_GRADLEW] > Task :expo-manifests:generateReleaseResources
[RUN_GRADLEW] > Task :expo-manifests:packageReleaseResources
[RUN_GRADLEW] > Task :expo-modules-core:preBuild UP-TO-DATE
[RUN_GRADLEW] > Task :expo-modules-core:preReleaseBuild UP-TO-DATE
[RUN_GRADLEW] > Task :expo-modules-core:generateReleaseResValues
[RUN_GRADLEW] > Task :expo-modules-core:generateReleaseResources
[RUN_GRADLEW] > Task :expo-modules-core:packageReleaseResources
[RUN_GRADLEW] > Task :expo-updates-interface:preBuild UP-TO-DATE
[RUN_GRADLEW] > Task :expo-updates-interface:preReleaseBuild UP-TO-DATE
[RUN_GRADLEW] > Task :expo-updates-interface:generateReleaseResValues
[RUN_GRADLEW] > Task :expo-updates-interface:generateReleaseResources
[RUN_GRADLEW] > Task :expo-updates-interface:packageReleaseResources
[RUN_GRADLEW] > Task :react-native-async-storage_async-storage:generateCodegenSchemaFromJavaScript
[RUN_GRADLEW] > Task :react-native-async-storage_async-storage:generateCodegenArtifactsFromSchema
[RUN_GRADLEW] > Task :react-native-async-storage_async-storage:preBuild
[RUN_GRADLEW] > Task :react-native-async-storage_async-storage:preReleaseBuild
[RUN_GRADLEW] > Task :react-native-async-storage_async-storage:generateReleaseResValues
[RUN_GRADLEW] > Task :react-native-async-storage_async-storage:generateReleaseResources
[RUN_GRADLEW] > Task :react-native-async-storage_async-storage:packageReleaseResources
[RUN_GRADLEW] > Task :react-native-compressor:generateCodegenSchemaFromJavaScript
[RUN_GRADLEW] > Task :react-native-compressor:generateCodegenArtifactsFromSchema
[RUN_GRADLEW] > Task :react-native-compressor:preBuild
[RUN_GRADLEW] > Task :react-native-compressor:preReleaseBuild
[RUN_GRADLEW] > Task :react-native-compressor:generateReleaseResValues
[RUN_GRADLEW] > Task :react-native-compressor:generateReleaseResources
[RUN_GRADLEW] > Task :react-native-compressor:packageReleaseResources
[RUN_GRADLEW] > Task :react-native-edge-to-edge:generateCodegenSchemaFromJavaScript
[RUN_GRADLEW] > Task :react-native-edge-to-edge:generateCodegenArtifactsFromSchema
[RUN_GRADLEW] > Task :react-native-edge-to-edge:preBuild
[RUN_GRADLEW] > Task :react-native-edge-to-edge:preReleaseBuild
[RUN_GRADLEW] > Task :react-native-edge-to-edge:generateReleaseResValues
[RUN_GRADLEW] > Task :react-native-edge-to-edge:generateReleaseResources
[RUN_GRADLEW] > Task :react-native-edge-to-edge:packageReleaseResources
[RUN_GRADLEW] > Task :react-native-gesture-handler:generateCodegenSchemaFromJavaScript
[RUN_GRADLEW] > Task :react-native-gesture-handler:generateCodegenArtifactsFromSchema
[RUN_GRADLEW] > Task :react-native-gesture-handler:preBuild
[RUN_GRADLEW] > Task :react-native-gesture-handler:preReleaseBuild
[RUN_GRADLEW] > Task :react-native-gesture-handler:generateReleaseResValues
[RUN_GRADLEW] > Task :react-native-gesture-handler:generateReleaseResources
[RUN_GRADLEW] > Task :react-native-gesture-handler:packageReleaseResources
[RUN_GRADLEW] > Task :react-native-image-colors:preBuild UP-TO-DATE
[RUN_GRADLEW] > Task :react-native-image-colors:preReleaseBuild UP-TO-DATE
[RUN_GRADLEW] > Task :react-native-image-colors:generateReleaseResValues
[RUN_GRADLEW] > Task :react-native-image-colors:generateReleaseResources
[RUN_GRADLEW] > Task :react-native-image-colors:packageReleaseResources
[RUN_GRADLEW] > Task :react-native-keyboard-controller:generateCodegenSchemaFromJavaScript
[RUN_GRADLEW] > Task :react-native-keyboard-controller:generateCodegenArtifactsFromSchema
[RUN_GRADLEW] > Task :react-native-keyboard-controller:preBuild
[RUN_GRADLEW] > Task :react-native-keyboard-controller:preReleaseBuild
[RUN_GRADLEW] > Task :react-native-keyboard-controller:generateReleaseResValues
[RUN_GRADLEW] > Task :react-native-keyboard-controller:generateReleaseResources
[RUN_GRADLEW] > Task :react-native-keyboard-controller:packageReleaseResources
[RUN_GRADLEW] > Task :react-native-linear-gradient:preBuild UP-TO-DATE
[RUN_GRADLEW] > Task :react-native-linear-gradient:preReleaseBuild UP-TO-DATE
[RUN_GRADLEW] > Task :react-native-linear-gradient:generateReleaseResValues
[RUN_GRADLEW] > Task :react-native-linear-gradient:generateReleaseResources
[RUN_GRADLEW] > Task :react-native-linear-gradient:packageReleaseResources
[RUN_GRADLEW] > Task :react-native-reanimated:assertMinimalReactNativeVersionTask SKIPPED
[RUN_GRADLEW] > Task :react-native-reanimated:generateCodegenSchemaFromJavaScript
[RUN_GRADLEW] > Task :react-native-reanimated:generateCodegenArtifactsFromSchema
[RUN_GRADLEW] > Task :react-native-reanimated:prepareReanimatedHeadersForPrefabs
[RUN_GRADLEW] > Task :react-native-reanimated:prepareWorkletsHeadersForPrefabs
[RUN_GRADLEW] > Task :react-native-reanimated:preBuild
[RUN_GRADLEW] > Task :react-native-reanimated:preReleaseBuild
[RUN_GRADLEW] > Task :react-native-reanimated:generateReleaseResValues
[RUN_GRADLEW] > Task :react-native-reanimated:generateReleaseResources
[RUN_GRADLEW] > Task :react-native-reanimated:packageReleaseResources
[RUN_GRADLEW] > Task :react-native-safe-area-context:generateCodegenSchemaFromJavaScript
[RUN_GRADLEW] > Task :react-native-safe-area-context:generateCodegenArtifactsFromSchema
[RUN_GRADLEW] > Task :react-native-safe-area-context:preBuild
[RUN_GRADLEW] > Task :react-native-safe-area-context:preReleaseBuild
[RUN_GRADLEW] > Task :react-native-safe-area-context:generateReleaseResValues
[RUN_GRADLEW] > Task :react-native-safe-area-context:generateReleaseResources
[RUN_GRADLEW] > Task :react-native-safe-area-context:packageReleaseResources
[RUN_GRADLEW] > Task :react-native-screens:generateCodegenSchemaFromJavaScript
[RUN_GRADLEW] > Task :react-native-screens:generateCodegenArtifactsFromSchema
[RUN_GRADLEW] > Task :react-native-screens:preBuild
[RUN_GRADLEW] > Task :react-native-screens:preReleaseBuild
[RUN_GRADLEW] > Task :react-native-screens:generateReleaseResValues
[RUN_GRADLEW] > Task :react-native-screens:generateReleaseResources
[RUN_GRADLEW] > Task :react-native-screens:packageReleaseResources
[RUN_GRADLEW] > Task :react-native-svg:generateCodegenSchemaFromJavaScript
[RUN_GRADLEW] > Task :react-native-svg:generateCodegenArtifactsFromSchema
[RUN_GRADLEW] > Task :react-native-svg:preBuild
[RUN_GRADLEW] > Task :react-native-svg:preReleaseBuild
[RUN_GRADLEW] > Task :react-native-svg:generateReleaseResValues
[RUN_GRADLEW] > Task :react-native-svg:generateReleaseResources
[RUN_GRADLEW] > Task :react-native-svg:packageReleaseResources
[RUN_GRADLEW] > Task :react-native-video:preBuild UP-TO-DATE
[RUN_GRADLEW] > Task :react-native-video:preReleaseBuild UP-TO-DATE
[RUN_GRADLEW] > Task :react-native-video:generateReleaseResValues
[RUN_GRADLEW] > Task :react-native-video:generateReleaseResources
[RUN_GRADLEW] > Task :react-native-video:packageReleaseResources
[RUN_GRADLEW] > Task :react-native-vision-camera:generateCodegenSchemaFromJavaScript
[RUN_GRADLEW] > Task :react-native-vision-camera:generateCodegenArtifactsFromSchema
[RUN_GRADLEW] > Task :react-native-vision-camera:prepareHeaders
[RUN_GRADLEW] > Task :react-native-vision-camera:preBuild
[RUN_GRADLEW] > Task :react-native-vision-camera:preReleaseBuild
[RUN_GRADLEW] > Task :react-native-vision-camera:generateReleaseResValues
[RUN_GRADLEW] > Task :react-native-vision-camera:generateReleaseResources
[RUN_GRADLEW] > Task :react-native-vision-camera:packageReleaseResources
[RUN_GRADLEW] > Task :react-native-worklets-core:generateCodegenSchemaFromJavaScript
[RUN_GRADLEW] > Task :react-native-worklets-core:generateCodegenArtifactsFromSchema
[RUN_GRADLEW] > Task :react-native-worklets-core:prepareHeaders
[RUN_GRADLEW] > Task :react-native-worklets-core:preBuild
[RUN_GRADLEW] > Task :react-native-worklets-core:preReleaseBuild
[RUN_GRADLEW] > Task :react-native-worklets-core:generateReleaseResValues
[RUN_GRADLEW] > Task :react-native-worklets-core:generateReleaseResources
[RUN_GRADLEW] > Task :react-native-worklets-core:packageReleaseResources
[RUN_GRADLEW] > Task :app:mapReleaseSourceSetPaths
[RUN_GRADLEW] > Task :app:generateReleaseResources
[RUN_GRADLEW] > Task :app:createReleaseCompatibleScreenManifests
[RUN_GRADLEW] > Task :app:extractDeepLinksRelease
[RUN_GRADLEW] > Task :expo:extractDeepLinksRelease
[RUN_GRADLEW] > Task :expo-constants:extractDeepLinksRelease
[RUN_GRADLEW] > Task :expo-dev-client:extractDeepLinksRelease
[RUN_GRADLEW] > Task :expo-dev-launcher:extractDeepLinksRelease
[RUN_GRADLEW] > Task :expo-dev-menu:extractDeepLinksRelease
[RUN_GRADLEW] > Task :expo-dev-menu-interface:extractDeepLinksRelease
[RUN_GRADLEW] > Task :expo:processReleaseManifest
[RUN_GRADLEW] > Task :expo-image-loader:extractDeepLinksRelease
[RUN_GRADLEW] > Task :expo-json-utils:extractDeepLinksRelease
[RUN_GRADLEW] > Task :expo-json-utils:processReleaseManifest
[RUN_GRADLEW] > Task :expo-dev-launcher:processReleaseManifest
[RUN_GRADLEW] > Task :expo-dev-menu-interface:processReleaseManifest
[RUN_GRADLEW] > Task :expo-dev-client:processReleaseManifest
[RUN_GRADLEW] > Task :expo-manifests:extractDeepLinksRelease
[RUN_GRADLEW] > Task :expo-dev-menu:processReleaseManifest
[RUN_GRADLEW] > Task :expo-constants:processReleaseManifest
[RUN_GRADLEW] > Task :expo-image-loader:processReleaseManifest
[RUN_GRADLEW] > Task :expo-modules-core:extractDeepLinksRelease
[RUN_GRADLEW] > Task :expo-manifests:processReleaseManifest
[RUN_GRADLEW] > Task :expo-updates-interface:extractDeepLinksRelease
[RUN_GRADLEW] > Task :expo-modules-core:processReleaseManifest
[RUN_GRADLEW] /private/var/folders/n6/wzlyq5jx3553076lwg6z9x200000gn/T/eas-build-local-nodejs/40bea17f-40ab-4bb2-93cc-069de72f6d06/build/node_modules/expo-modules-core/android/src/main/AndroidManifest.xml:8:9-11:45 Warning:
[RUN_GRADLEW] 	meta-data#com.facebook.soloader.enabled@android:value was tagged at AndroidManifest.xml:8 to replace other declarations but no other declaration present
[RUN_GRADLEW] > Task :react-native-async-storage_async-storage:extractDeepLinksRelease
[RUN_GRADLEW] > Task :expo-updates-interface:processReleaseManifest
[RUN_GRADLEW] > Task :react-native-compressor:extractDeepLinksRelease
[RUN_GRADLEW] > Task :react-native-async-storage_async-storage:processReleaseManifest
[RUN_GRADLEW] package="com.reactnativecommunity.asyncstorage" found in source AndroidManifest.xml: /private/var/folders/n6/wzlyq5jx3553076lwg6z9x200000gn/T/eas-build-local-nodejs/40bea17f-40ab-4bb2-93cc-069de72f6d06/build/node_modules/@react-native-async-storage/async-storage/android/src/main/AndroidManifest.xml.
[RUN_GRADLEW] Setting the namespace via the package attribute in the source AndroidManifest.xml is no longer supported, and the value is ignored.
[RUN_GRADLEW] Recommendation: remove package="com.reactnativecommunity.asyncstorage" from the source AndroidManifest.xml: /private/var/folders/n6/wzlyq5jx3553076lwg6z9x200000gn/T/eas-build-local-nodejs/40bea17f-40ab-4bb2-93cc-069de72f6d06/build/node_modules/@react-native-async-storage/async-storage/android/src/main/AndroidManifest.xml.
[RUN_GRADLEW] > Task :react-native-edge-to-edge:extractDeepLinksRelease
[RUN_GRADLEW] > Task :react-native-compressor:processReleaseManifest
[RUN_GRADLEW] > Task :react-native-gesture-handler:extractDeepLinksRelease
[RUN_GRADLEW] > Task :react-native-image-colors:extractDeepLinksRelease
[RUN_GRADLEW] > Task :react-native-edge-to-edge:processReleaseManifest
[RUN_GRADLEW] > Task :react-native-gesture-handler:processReleaseManifest
[RUN_GRADLEW] > Task :react-native-image-colors:processReleaseManifest
[RUN_GRADLEW] > Task :react-native-keyboard-controller:extractDeepLinksRelease
[RUN_GRADLEW] > Task :react-native-linear-gradient:extractDeepLinksRelease
[RUN_GRADLEW] > Task :react-native-keyboard-controller:processReleaseManifest
[RUN_GRADLEW] package="com.reactnativekeyboardcontroller" found in source AndroidManifest.xml: /private/var/folders/n6/wzlyq5jx3553076lwg6z9x200000gn/T/eas-build-local-nodejs/40bea17f-40ab-4bb2-93cc-069de72f6d06/build/node_modules/react-native-keyboard-controller/android/src/main/AndroidManifest.xml.
[RUN_GRADLEW] Setting the namespace via the package attribute in the source AndroidManifest.xml is no longer supported, and the value is ignored.
[RUN_GRADLEW] Recommendation: remove package="com.reactnativekeyboardcontroller" from the source AndroidManifest.xml: /private/var/folders/n6/wzlyq5jx3553076lwg6z9x200000gn/T/eas-build-local-nodejs/40bea17f-40ab-4bb2-93cc-069de72f6d06/build/node_modules/react-native-keyboard-controller/android/src/main/AndroidManifest.xml.
[RUN_GRADLEW] > Task :react-native-reanimated:extractDeepLinksRelease
[RUN_GRADLEW] > Task :react-native-linear-gradient:processReleaseManifest
[RUN_GRADLEW] package="com.BV.LinearGradient" found in source AndroidManifest.xml: /private/var/folders/n6/wzlyq5jx3553076lwg6z9x200000gn/T/eas-build-local-nodejs/40bea17f-40ab-4bb2-93cc-069de72f6d06/build/node_modules/react-native-linear-gradient/android/src/main/AndroidManifest.xml.
[RUN_GRADLEW] Setting the namespace via the package attribute in the source AndroidManifest.xml is no longer supported, and the value is ignored.
[RUN_GRADLEW] Recommendation: remove package="com.BV.LinearGradient" from the source AndroidManifest.xml: /private/var/folders/n6/wzlyq5jx3553076lwg6z9x200000gn/T/eas-build-local-nodejs/40bea17f-40ab-4bb2-93cc-069de72f6d06/build/node_modules/react-native-linear-gradient/android/src/main/AndroidManifest.xml.
[RUN_GRADLEW] > Task :react-native-safe-area-context:extractDeepLinksRelease
[RUN_GRADLEW] > Task :react-native-reanimated:processReleaseManifest
[RUN_GRADLEW] > Task :react-native-screens:extractDeepLinksRelease
[RUN_GRADLEW] > Task :react-native-safe-area-context:processReleaseManifest
[RUN_GRADLEW] package="com.th3rdwave.safeareacontext" found in source AndroidManifest.xml: /private/var/folders/n6/wzlyq5jx3553076lwg6z9x200000gn/T/eas-build-local-nodejs/40bea17f-40ab-4bb2-93cc-069de72f6d06/build/node_modules/react-native-safe-area-context/android/src/main/AndroidManifest.xml.
[RUN_GRADLEW] Setting the namespace via the package attribute in the source AndroidManifest.xml is no longer supported, and the value is ignored.
[RUN_GRADLEW] Recommendation: remove package="com.th3rdwave.safeareacontext" from the source AndroidManifest.xml: /private/var/folders/n6/wzlyq5jx3553076lwg6z9x200000gn/T/eas-build-local-nodejs/40bea17f-40ab-4bb2-93cc-069de72f6d06/build/node_modules/react-native-safe-area-context/android/src/main/AndroidManifest.xml.
[RUN_GRADLEW] > Task :react-native-svg:extractDeepLinksRelease
[RUN_GRADLEW] > Task :react-native-screens:processReleaseManifest
[RUN_GRADLEW] > Task :react-native-video:extractDeepLinksRelease
[RUN_GRADLEW] > Task :react-native-svg:processReleaseManifest
[RUN_GRADLEW] > Task :react-native-vision-camera:extractDeepLinksRelease
[RUN_GRADLEW] > Task :react-native-video:processReleaseManifest
[RUN_GRADLEW] > Task :react-native-worklets-core:extractDeepLinksRelease
[RUN_GRADLEW] > Task :react-native-vision-camera:processReleaseManifest
[RUN_GRADLEW] > Task :expo:writeReleaseAarMetadata
[RUN_GRADLEW] > Task :expo-constants:writeReleaseAarMetadata
[RUN_GRADLEW] > Task :expo-dev-client:writeReleaseAarMetadata
[RUN_GRADLEW] > Task :react-native-worklets-core:processReleaseManifest
[RUN_GRADLEW] package="com.worklets" found in source AndroidManifest.xml: /private/var/folders/n6/wzlyq5jx3553076lwg6z9x200000gn/T/eas-build-local-nodejs/40bea17f-40ab-4bb2-93cc-069de72f6d06/build/node_modules/react-native-worklets-core/android/src/main/AndroidManifest.xml.
[RUN_GRADLEW] Setting the namespace via the package attribute in the source AndroidManifest.xml is no longer supported, and the value is ignored.
[RUN_GRADLEW] Recommendation: remove package="com.worklets" from the source AndroidManifest.xml: /private/var/folders/n6/wzlyq5jx3553076lwg6z9x200000gn/T/eas-build-local-nodejs/40bea17f-40ab-4bb2-93cc-069de72f6d06/build/node_modules/react-native-worklets-core/android/src/main/AndroidManifest.xml.
[RUN_GRADLEW] > Task :expo-dev-launcher:writeReleaseAarMetadata
[RUN_GRADLEW] > Task :app:processReleaseMainManifest
[RUN_GRADLEW] /private/var/folders/n6/wzlyq5jx3553076lwg6z9x200000gn/T/eas-build-local-nodejs/40bea17f-40ab-4bb2-93cc-069de72f6d06/build/android/app/src/main/AndroidManifest.xml Warning:
[RUN_GRADLEW] 	provider#expo.modules.filesystem.FileSystemFileProvider@android:authorities was tagged at AndroidManifest.xml:0 to replace other declarations but no other declaration present
[RUN_GRADLEW] > Task :app:processReleaseManifest
[RUN_GRADLEW] > Task :app:processApplicationManifestReleaseForBundle
[RUN_GRADLEW] > Task :expo-dev-menu:writeReleaseAarMetadata
[RUN_GRADLEW] > Task :expo-dev-menu-interface:writeReleaseAarMetadata
[RUN_GRADLEW] > Task :expo-image-loader:writeReleaseAarMetadata
[RUN_GRADLEW] > Task :expo-json-utils:writeReleaseAarMetadata
[RUN_GRADLEW] > Task :expo-manifests:writeReleaseAarMetadata
[RUN_GRADLEW] > Task :expo-modules-core:writeReleaseAarMetadata
[RUN_GRADLEW] > Task :expo-updates-interface:writeReleaseAarMetadata
[RUN_GRADLEW] > Task :react-native-async-storage_async-storage:writeReleaseAarMetadata
[RUN_GRADLEW] > Task :react-native-compressor:writeReleaseAarMetadata
[RUN_GRADLEW] > Task :react-native-edge-to-edge:writeReleaseAarMetadata
[RUN_GRADLEW] > Task :react-native-gesture-handler:writeReleaseAarMetadata
[RUN_GRADLEW] > Task :react-native-image-colors:writeReleaseAarMetadata
[RUN_GRADLEW] > Task :react-native-keyboard-controller:writeReleaseAarMetadata
[RUN_GRADLEW] > Task :react-native-linear-gradient:writeReleaseAarMetadata
[RUN_GRADLEW] > Task :react-native-reanimated:writeReleaseAarMetadata
[RUN_GRADLEW] > Task :react-native-safe-area-context:writeReleaseAarMetadata
[RUN_GRADLEW] > Task :react-native-screens:writeReleaseAarMetadata
[RUN_GRADLEW] > Task :react-native-svg:writeReleaseAarMetadata
[RUN_GRADLEW] > Task :react-native-vision-camera:writeReleaseAarMetadata
[RUN_GRADLEW] > Task :react-native-video:writeReleaseAarMetadata
[RUN_GRADLEW] > Task :react-native-worklets-core:writeReleaseAarMetadata
[RUN_GRADLEW] > Task :app:packageReleaseResources
[RUN_GRADLEW] > Task :app:checkReleaseAarMetadata
[RUN_GRADLEW] > Task :app:parseReleaseLocalResources
[RUN_GRADLEW] > Task :expo:compileReleaseLibraryResources
[RUN_GRADLEW] > Task :expo:parseReleaseLocalResources
[RUN_GRADLEW] > Task :expo-constants:compileReleaseLibraryResources
[RUN_GRADLEW] > Task :expo-constants:parseReleaseLocalResources
[RUN_GRADLEW] > Task :expo-dev-client:compileReleaseLibraryResources
[RUN_GRADLEW] > Task :expo:generateReleaseRFile
[RUN_GRADLEW] > Task :expo-dev-client:parseReleaseLocalResources
[RUN_GRADLEW] > Task :expo-constants:generateReleaseRFile
[RUN_GRADLEW] > Task :expo-dev-client:generateReleaseRFile
[RUN_GRADLEW] > Task :expo-dev-launcher:parseReleaseLocalResources
[RUN_GRADLEW] > Task :app:processReleaseManifestForPackage
[RUN_GRADLEW] > Task :expo-image-loader:compileReleaseLibraryResources
[RUN_GRADLEW] > Task :expo-dev-launcher:compileReleaseLibraryResources
[RUN_GRADLEW] > Task :expo-dev-menu:parseReleaseLocalResources
[RUN_GRADLEW] > Task :expo-dev-menu-interface:compileReleaseLibraryResources
[RUN_GRADLEW] > Task :expo-dev-menu-interface:parseReleaseLocalResources
[RUN_GRADLEW] > Task :expo-dev-launcher:generateReleaseRFile
[RUN_GRADLEW] > Task :expo-image-loader:parseReleaseLocalResources
[RUN_GRADLEW] > Task :expo-json-utils:compileReleaseLibraryResources
[RUN_GRADLEW] > Task :expo-dev-menu:generateReleaseRFile
[RUN_GRADLEW] > Task :expo-dev-menu-interface:generateReleaseRFile
[RUN_GRADLEW] > Task :expo-image-loader:generateReleaseRFile
[RUN_GRADLEW] > Task :expo-json-utils:parseReleaseLocalResources
[RUN_GRADLEW] > Task :expo-manifests:compileReleaseLibraryResources
[RUN_GRADLEW] > Task :expo-manifests:parseReleaseLocalResources
[RUN_GRADLEW] > Task :expo-json-utils:generateReleaseRFile
[RUN_GRADLEW] > Task :expo-modules-core:compileReleaseLibraryResources
[RUN_GRADLEW] > Task :expo-modules-core:parseReleaseLocalResources
[RUN_GRADLEW] > Task :expo-manifests:generateReleaseRFile
[RUN_GRADLEW] > Task :expo-updates-interface:compileReleaseLibraryResources
[RUN_GRADLEW] > Task :expo-modules-core:generateReleaseRFile
[RUN_GRADLEW] > Task :expo-updates-interface:parseReleaseLocalResources
[RUN_GRADLEW] > Task :react-native-async-storage_async-storage:compileReleaseLibraryResources
[RUN_GRADLEW] > Task :expo-dev-menu:compileReleaseLibraryResources
[RUN_GRADLEW] > Task :expo-updates-interface:generateReleaseRFile
[RUN_GRADLEW] > Task :react-native-async-storage_async-storage:parseReleaseLocalResources
[RUN_GRADLEW] > Task :react-native-compressor:compileReleaseLibraryResources
[RUN_GRADLEW] > Task :react-native-async-storage_async-storage:generateReleaseRFile
[RUN_GRADLEW] > Task :react-native-compressor:parseReleaseLocalResources
[RUN_GRADLEW] > Task :react-native-edge-to-edge:compileReleaseLibraryResources
[RUN_GRADLEW] > Task :react-native-compressor:generateReleaseRFile
[RUN_GRADLEW] > Task :react-native-edge-to-edge:parseReleaseLocalResources
[RUN_GRADLEW] > Task :react-native-gesture-handler:compileReleaseLibraryResources
[RUN_GRADLEW] > Task :react-native-edge-to-edge:generateReleaseRFile
[RUN_GRADLEW] > Task :react-native-gesture-handler:parseReleaseLocalResources
[RUN_GRADLEW] > Task :react-native-image-colors:compileReleaseLibraryResources
[RUN_GRADLEW] > Task :react-native-gesture-handler:generateReleaseRFile
[RUN_GRADLEW] > Task :react-native-image-colors:parseReleaseLocalResources
[RUN_GRADLEW] > Task :react-native-keyboard-controller:compileReleaseLibraryResources
[RUN_GRADLEW] > Task :react-native-image-colors:generateReleaseRFile
[RUN_GRADLEW] > Task :react-native-linear-gradient:compileReleaseLibraryResources
[RUN_GRADLEW] > Task :react-native-keyboard-controller:parseReleaseLocalResources
[RUN_GRADLEW] > Task :react-native-linear-gradient:parseReleaseLocalResources
[RUN_GRADLEW] > Task :react-native-keyboard-controller:generateReleaseRFile
[RUN_GRADLEW] > Task :react-native-linear-gradient:generateReleaseRFile
[RUN_GRADLEW] > Task :react-native-reanimated:compileReleaseLibraryResources
[RUN_GRADLEW] > Task :react-native-reanimated:parseReleaseLocalResources
[RUN_GRADLEW] > Task :react-native-safe-area-context:compileReleaseLibraryResources
[RUN_GRADLEW] > Task :react-native-reanimated:generateReleaseRFile
[RUN_GRADLEW] > Task :react-native-safe-area-context:parseReleaseLocalResources
[RUN_GRADLEW] > Task :react-native-screens:parseReleaseLocalResources
[RUN_GRADLEW] > Task :react-native-safe-area-context:generateReleaseRFile
[RUN_GRADLEW] > Task :react-native-screens:compileReleaseLibraryResources
[RUN_GRADLEW] > Task :react-native-svg:compileReleaseLibraryResources
[RUN_GRADLEW] > Task :react-native-screens:generateReleaseRFile
[RUN_GRADLEW] > Task :react-native-svg:parseReleaseLocalResources
[RUN_GRADLEW] > Task :react-native-video:compileReleaseLibraryResources
[RUN_GRADLEW] > Task :react-native-svg:generateReleaseRFile
[RUN_GRADLEW] > Task :react-native-video:parseReleaseLocalResources
[RUN_GRADLEW] > Task :react-native-vision-camera:compileReleaseLibraryResources
[RUN_GRADLEW] > Task :react-native-video:generateReleaseRFile
[RUN_GRADLEW] > Task :react-native-vision-camera:parseReleaseLocalResources
[RUN_GRADLEW] > Task :react-native-worklets-core:compileReleaseLibraryResources
[RUN_GRADLEW] > Task :react-native-vision-camera:generateReleaseRFile
[RUN_GRADLEW] > Task :react-native-worklets-core:parseReleaseLocalResources
[RUN_GRADLEW] > Task :app:extractReleaseVersionControlInfo
[RUN_GRADLEW] > Task :react-native-compressor:checkKotlinGradlePluginConfigurationErrors SKIPPED
[RUN_GRADLEW] > Task :react-native-compressor:generateReleaseBuildConfig
[RUN_GRADLEW] > Task :react-native-worklets-core:generateReleaseRFile
[RUN_GRADLEW] > Task :react-native-gesture-handler:checkKotlinGradlePluginConfigurationErrors SKIPPED
[RUN_GRADLEW] > Task :react-native-compressor:javaPreCompileRelease
[RUN_GRADLEW] > Task :react-native-gesture-handler:generateReleaseBuildConfig
[RUN_GRADLEW] > Task :react-native-reanimated:generateReleaseBuildConfig
[RUN_GRADLEW] > Task :react-native-reanimated:packageNdkLibs NO-SOURCE
[RUN_GRADLEW] > Task :react-native-reanimated:javaPreCompileRelease
[RUN_GRADLEW] > Task :react-native-gesture-handler:javaPreCompileRelease
[RUN_GRADLEW] > Task :react-native-reanimated:compileReleaseJavaWithJavac
[RUN_GRADLEW] > Task :react-native-keyboard-controller:checkKotlinGradlePluginConfigurationErrors SKIPPED
[RUN_GRADLEW] > Task :react-native-keyboard-controller:generateReleaseBuildConfig
[RUN_GRADLEW] > Task :react-native-reanimated:bundleLibCompileToJarRelease
[RUN_GRADLEW] > Task :react-native-safe-area-context:checkKotlinGradlePluginConfigurationErrors SKIPPED
[RUN_GRADLEW] > Task :react-native-keyboard-controller:javaPreCompileRelease
[RUN_GRADLEW] > Task :react-native-safe-area-context:generateReleaseBuildConfig
[RUN_GRADLEW] > Task :react-native-safe-area-context:javaPreCompileRelease
[RUN_GRADLEW] > Task :react-native-screens:checkKotlinGradlePluginConfigurationErrors SKIPPED
[RUN_GRADLEW] > Task :react-native-screens:generateReleaseBuildConfig
[RUN_GRADLEW] > Task :app:mergeReleaseResources
[RUN_GRADLEW] > Task :react-native-video:checkKotlinGradlePluginConfigurationErrors SKIPPED
[RUN_GRADLEW] > Task :react-native-screens:javaPreCompileRelease
[RUN_GRADLEW] > Task :react-native-video:generateReleaseBuildConfig
[RUN_GRADLEW] > Task :react-native-compressor:compileReleaseKotlin
[RUN_GRADLEW] w: file:///private/var/folders/n6/wzlyq5jx3553076lwg6z9x200000gn/T/eas-build-local-nodejs/40bea17f-40ab-4bb2-93cc-069de72f6d06/build/node_modules/react-native-compressor/android/src/main/java/com/reactnativecompressor/Audio/AudioCompressor.kt:247:28 Java type mismatch: inferred type is 'kotlin.String?', but 'kotlin.String' was expected.
[RUN_GRADLEW] w: file:///private/var/folders/n6/wzlyq5jx3553076lwg6z9x200000gn/T/eas-build-local-nodejs/40bea17f-40ab-4bb2-93cc-069de72f6d06/build/node_modules/react-native-compressor/android/src/main/java/com/reactnativecompressor/Audio/AudioCompressor.kt:253:26 Java type mismatch: inferred type is 'kotlin.String?', but 'kotlin.String' was expected.
[RUN_GRADLEW] w: file:///private/var/folders/n6/wzlyq5jx3553076lwg6z9x200000gn/T/eas-build-local-nodejs/40bea17f-40ab-4bb2-93cc-069de72f6d06/build/node_modules/react-native-compressor/android/src/main/java/com/reactnativecompressor/CompressorModule.kt:159:15 'fun reject(message: String): Unit' is deprecated. Prefer passing a module-specific error code to JS. Using this method will pass the
[RUN_GRADLEW]         error code EUNSPECIFIED.
[RUN_GRADLEW] w: file:///private/var/folders/n6/wzlyq5jx3553076lwg6z9x200000gn/T/eas-build-local-nodejs/40bea17f-40ab-4bb2-93cc-069de72f6d06/build/node_modules/react-native-compressor/android/src/main/java/com/reactnativecompressor/CompressorPackage.kt:3:8 'class TurboReactPackage : BaseReactPackage' is deprecated. Use BaseReactPackage instead.
[RUN_GRADLEW] w: file:///private/var/folders/n6/wzlyq5jx3553076lwg6z9x200000gn/T/eas-build-local-nodejs/40bea17f-40ab-4bb2-93cc-069de72f6d06/build/node_modules/react-native-compressor/android/src/main/java/com/reactnativecompressor/CompressorPackage.kt:9:27 'class TurboReactPackage : BaseReactPackage' is deprecated. Use BaseReactPackage instead.
[RUN_GRADLEW] w: file:///private/var/folders/n6/wzlyq5jx3553076lwg6z9x200000gn/T/eas-build-local-nodejs/40bea17f-40ab-4bb2-93cc-069de72f6d06/build/node_modules/react-native-compressor/android/src/main/java/com/reactnativecompressor/CompressorPackage.kt:22:50 'constructor(name: String, className: String, canOverrideExistingModule: Boolean, needsEagerInit: Boolean, hasConstants: Boolean, isCxxModule: Boolean, isTurboModule: Boolean): ReactModuleInfo' is deprecated. This constructor is deprecated and will be removed in the future. Use ReactModuleInfo(String, String, boolean, boolean, boolean, boolean)].
[RUN_GRADLEW] w: file:///private/var/folders/n6/wzlyq5jx3553076lwg6z9x200000gn/T/eas-build-local-nodejs/40bea17f-40ab-4bb2-93cc-069de72f6d06/build/node_modules/react-native-compressor/android/src/main/java/com/reactnativecompressor/Image/ImageCompressor.kt:26:35 Java type mismatch: inferred type is 'kotlin.String?', but 'kotlin.String' was expected.
[RUN_GRADLEW] w: file:///private/var/folders/n6/wzlyq5jx3553076lwg6z9x200000gn/T/eas-build-local-nodejs/40bea17f-40ab-4bb2-93cc-069de72f6d06/build/node_modules/react-native-compressor/android/src/main/java/com/reactnativecompressor/Image/ImageCompressor.kt:28:39 'fun toURL(): URL!' is deprecated. Deprecated in Java.
[RUN_GRADLEW] w: file:///private/var/folders/n6/wzlyq5jx3553076lwg6z9x200000gn/T/eas-build-local-nodejs/40bea17f-40ab-4bb2-93cc-069de72f6d06/build/node_modules/react-native-compressor/android/src/main/java/com/reactnativecompressor/Image/ImageCompressor.kt:147:29 Java type mismatch: inferred type is 'kotlin.String?', but 'kotlin.String' was expected.
[RUN_GRADLEW] w: file:///private/var/folders/n6/wzlyq5jx3553076lwg6z9x200000gn/T/eas-build-local-nodejs/40bea17f-40ab-4bb2-93cc-069de72f6d06/build/node_modules/react-native-compressor/android/src/main/java/com/reactnativecompressor/Image/ImageCompressor.kt:152:33 Java type mismatch: inferred type is 'kotlin.String?', but 'kotlin.String' was expected.
[RUN_GRADLEW] w: file:///private/var/folders/n6/wzlyq5jx3553076lwg6z9x200000gn/T/eas-build-local-nodejs/40bea17f-40ab-4bb2-93cc-069de72f6d06/build/node_modules/react-native-compressor/android/src/main/java/com/reactnativecompressor/Image/ImageCompressor.kt:197:17 'field inDither: Boolean' is deprecated. Deprecated in Java.
[RUN_GRADLEW] w: file:///private/var/folders/n6/wzlyq5jx3553076lwg6z9x200000gn/T/eas-build-local-nodejs/40bea17f-40ab-4bb2-93cc-069de72f6d06/build/node_modules/react-native-compressor/android/src/main/java/com/reactnativecompressor/Image/ImageCompressor.kt:198:17 'field inPurgeable: Boolean' is deprecated. Deprecated in Java.
[RUN_GRADLEW] w: file:///private/var/folders/n6/wzlyq5jx3553076lwg6z9x200000gn/T/eas-build-local-nodejs/40bea17f-40ab-4bb2-93cc-069de72f6d06/build/node_modules/react-native-compressor/android/src/main/java/com/reactnativecompressor/Image/ImageCompressor.kt:199:17 'field inInputShareable: Boolean' is deprecated. Deprecated in Java.
[RUN_GRADLEW] w: file:///private/var/folders/n6/wzlyq5jx3553076lwg6z9x200000gn/T/eas-build-local-nodejs/40bea17f-40ab-4bb2-93cc-069de72f6d06/build/node_modules/react-native-compressor/android/src/main/java/com/reactnativecompressor/Image/ImageCompressor.kt:220:13 Condition is always 'true'.
[RUN_GRADLEW] w: file:///private/var/folders/n6/wzlyq5jx3553076lwg6z9x200000gn/T/eas-build-local-nodejs/40bea17f-40ab-4bb2-93cc-069de72f6d06/build/node_modules/react-native-compressor/android/src/main/java/com/reactnativecompressor/Image/ImageMain.kt:44:23 Java type mismatch: inferred type is 'kotlin.String?', but 'kotlin.String' was expected.
[RUN_GRADLEW] w: file:///private/var/folders/n6/wzlyq5jx3553076lwg6z9x200000gn/T/eas-build-local-nodejs/40bea17f-40ab-4bb2-93cc-069de72f6d06/build/node_modules/react-native-compressor/android/src/main/java/com/reactnativecompressor/Utils/UploaderHelper.kt:106:56 Unchecked cast of 'java.util.HashMap<kotlin.String, kotlin.Any?>?' to 'kotlin.collections.Map<kotlin.String, kotlin.String>'.
[RUN_GRADLEW] w: file:///private/var/folders/n6/wzlyq5jx3553076lwg6z9x200000gn/T/eas-build-local-nodejs/40bea17f-40ab-4bb2-93cc-069de72f6d06/build/node_modules/react-native-compressor/android/src/main/java/com/reactnativecompressor/Utils/UploaderHelper.kt:116:62 Unchecked cast of 'java.util.HashMap<kotlin.String, kotlin.Any?>?' to 'kotlin.collections.Map<kotlin.String, kotlin.String>'.
[RUN_GRADLEW] w: file:///private/var/folders/n6/wzlyq5jx3553076lwg6z9x200000gn/T/eas-build-local-nodejs/40bea17f-40ab-4bb2-93cc-069de72f6d06/build/node_modules/react-native-compressor/android/src/main/java/com/reactnativecompressor/Utils/createVideoThumbnail.kt:64:115 Unchecked cast of 'java.util.HashMap<kotlin.String, kotlin.Any?>' to 'kotlin.collections.Map<kotlin.String, kotlin.String>'.
[RUN_GRADLEW] w: file:///private/var/folders/n6/wzlyq5jx3553076lwg6z9x200000gn/T/eas-build-local-nodejs/40bea17f-40ab-4bb2-93cc-069de72f6d06/build/node_modules/react-native-compressor/android/src/main/java/com/reactnativecompressor/Utils/createVideoThumbnail.kt:105:15 Condition is always 'true'.
[RUN_GRADLEW] w: file:///private/var/folders/n6/wzlyq5jx3553076lwg6z9x200000gn/T/eas-build-local-nodejs/40bea17f-40ab-4bb2-93cc-069de72f6d06/build/node_modules/react-native-compressor/android/src/main/java/com/reactnativecompressor/Video/AutoVideoCompression.kt:20:29 Java type mismatch: inferred type is 'kotlin.String?', but 'kotlin.String' was expected.
[RUN_GRADLEW] w: file:///private/var/folders/n6/wzlyq5jx3553076lwg6z9x200000gn/T/eas-build-local-nodejs/40bea17f-40ab-4bb2-93cc-069de72f6d06/build/node_modules/react-native-compressor/android/src/main/java/com/reactnativecompressor/Video/VideoCompressor/VideoCompressorClass.kt:20:3 '@JvmOverloads' annotation has no effect for methods without default arguments.
[RUN_GRADLEW] w: file:///private/var/folders/n6/wzlyq5jx3553076lwg6z9x200000gn/T/eas-build-local-nodejs/40bea17f-40ab-4bb2-93cc-069de72f6d06/build/node_modules/react-native-compressor/android/src/main/java/com/reactnativecompressor/Video/VideoCompressorHelper.kt:60:23 'constructor(): Handler' is deprecated. Deprecated in Java.
[RUN_GRADLEW] w: file:///private/var/folders/n6/wzlyq5jx3553076lwg6z9x200000gn/T/eas-build-local-nodejs/40bea17f-40ab-4bb2-93cc-069de72f6d06/build/node_modules/react-native-compressor/android/src/main/java/com/reactnativecompressor/Video/VideoMain.kt:67:23 Java type mismatch: inferred type is 'kotlin.String?', but 'kotlin.String' was expected.
[RUN_GRADLEW] > Task :react-native-compressor:compileReleaseJavaWithJavac
[RUN_GRADLEW] > Task :react-native-video:javaPreCompileRelease
[RUN_GRADLEW] > Task :react-native-vision-camera:checkKotlinGradlePluginConfigurationErrors SKIPPED
[RUN_GRADLEW] > Task :react-native-vision-camera:generateReleaseBuildConfig
[RUN_GRADLEW] > Task :react-native-worklets-core:generateReleaseBuildConfig
[RUN_GRADLEW] > Task :react-native-worklets-core:javaPreCompileRelease
[RUN_GRADLEW] > Task :react-native-compressor:bundleLibRuntimeToDirRelease
[RUN_GRADLEW] > Task :react-native-worklets-core:compileReleaseJavaWithJavac
[RUN_GRADLEW] > Task :react-native-worklets-core:bundleLibCompileToJarRelease
[RUN_GRADLEW] > Task :react-native-safe-area-context:compileReleaseKotlin
[RUN_GRADLEW] w: file:///private/var/folders/n6/wzlyq5jx3553076lwg6z9x200000gn/T/eas-build-local-nodejs/40bea17f-40ab-4bb2-93cc-069de72f6d06/build/node_modules/react-native-safe-area-context/android/src/main/java/com/th3rdwave/safeareacontext/SafeAreaView.kt:59:23 'val uiImplementation: UIImplementation!' is deprecated. Deprecated in Java.
[RUN_GRADLEW] > Task :react-native-safe-area-context:compileReleaseJavaWithJavac
[RUN_GRADLEW] > Task :react-native-safe-area-context:bundleLibRuntimeToDirRelease
[RUN_GRADLEW] > Task :react-native-vision-camera:javaPreCompileRelease
[RUN_GRADLEW] > Task :react-native-edge-to-edge:checkKotlinGradlePluginConfigurationErrors SKIPPED
[RUN_GRADLEW] > Task :react-native-edge-to-edge:generateReleaseBuildConfig
[RUN_GRADLEW] > Task :react-native-edge-to-edge:javaPreCompileRelease
[RUN_GRADLEW] > Task :react-native-async-storage_async-storage:generateReleaseBuildConfig
[RUN_GRADLEW] > Task :react-native-async-storage_async-storage:javaPreCompileRelease
[RUN_GRADLEW] > Task :react-native-async-storage_async-storage:compileReleaseJavaWithJavac
[RUN_GRADLEW] > Task :react-native-async-storage_async-storage:bundleLibRuntimeToDirRelease
[RUN_GRADLEW] > Task :expo:checkKotlinGradlePluginConfigurationErrors SKIPPED
[RUN_GRADLEW] > Task :expo:generateReleaseBuildConfig
[RUN_GRADLEW] > Task :expo-constants:checkKotlinGradlePluginConfigurationErrors SKIPPED
[RUN_GRADLEW] > Task :expo-constants:generateReleaseBuildConfig
[RUN_GRADLEW] > Task :expo-modules-core:checkKotlinGradlePluginConfigurationErrors SKIPPED
[RUN_GRADLEW] > Task :expo-modules-core:generateReleaseBuildConfig
[RUN_GRADLEW] > Task :react-native-gesture-handler:compileReleaseKotlin
[RUN_GRADLEW] > Task :react-native-edge-to-edge:compileReleaseKotlin
[RUN_GRADLEW] w: file:///private/var/folders/n6/wzlyq5jx3553076lwg6z9x200000gn/T/eas-build-local-nodejs/40bea17f-40ab-4bb2-93cc-069de72f6d06/build/node_modules/react-native-edge-to-edge/android/src/main/java/com/zoontek/rnedgetoedge/EdgeToEdgePackage.kt:21:24 'constructor(name: String, className: String, canOverrideExistingModule: Boolean, needsEagerInit: Boolean, hasConstants: Boolean, isCxxModule: Boolean, isTurboModule: Boolean): ReactModuleInfo' is deprecated. This constructor is deprecated and will be removed in the future. Use ReactModuleInfo(String, String, boolean, boolean, boolean, boolean)].
[RUN_GRADLEW] > Task :react-native-gesture-handler:compileReleaseJavaWithJavac
[RUN_GRADLEW] > Task :react-native-gesture-handler:bundleLibRuntimeToDirRelease
[RUN_GRADLEW] > Task :react-native-edge-to-edge:compileReleaseJavaWithJavac
[RUN_GRADLEW] > Task :react-native-edge-to-edge:bundleLibRuntimeToDirRelease
[RUN_GRADLEW] > Task :expo-modules-core:javaPreCompileRelease
[RUN_GRADLEW] > Task :expo-constants:javaPreCompileRelease
[RUN_GRADLEW] > Task :expo-dev-client:checkKotlinGradlePluginConfigurationErrors SKIPPED
[RUN_GRADLEW] > Task :expo-dev-client:dataBindingMergeDependencyArtifactsRelease
[RUN_GRADLEW] > Task :react-native-keyboard-controller:compileReleaseKotlin
[RUN_GRADLEW] w: file:///private/var/folders/n6/wzlyq5jx3553076lwg6z9x200000gn/T/eas-build-local-nodejs/40bea17f-40ab-4bb2-93cc-069de72f6d06/build/node_modules/react-native-keyboard-controller/android/src/main/java/com/reactnativekeyboardcontroller/extensions/EditText.kt:69:42 Unchecked cast of 'java.util.ArrayList<*>' to 'java.util.ArrayList<android.text.TextWatcher>'.
[RUN_GRADLEW] w: file:///private/var/folders/n6/wzlyq5jx3553076lwg6z9x200000gn/T/eas-build-local-nodejs/40bea17f-40ab-4bb2-93cc-069de72f6d06/build/node_modules/react-native-keyboard-controller/android/src/main/java/com/reactnativekeyboardcontroller/interactive/KeyboardAnimationController.kt:89:16 'static fun getWindowInsetsController(p0: View): WindowInsetsControllerCompat?' is deprecated. Deprecated in Java.
[RUN_GRADLEW] w: file:///private/var/folders/n6/wzlyq5jx3553076lwg6z9x200000gn/T/eas-build-local-nodejs/40bea17f-40ab-4bb2-93cc-069de72f6d06/build/node_modules/react-native-keyboard-controller/android/src/main/java/com/reactnativekeyboardcontroller/managers/KeyboardControllerViewManagerImpl.kt:3:8 'class MapBuilder : Any' is deprecated. Deprecated in Java.
[RUN_GRADLEW] w: file:///private/var/folders/n6/wzlyq5jx3553076lwg6z9x200000gn/T/eas-build-local-nodejs/40bea17f-40ab-4bb2-93cc-069de72f6d06/build/node_modules/react-native-keyboard-controller/android/src/main/java/com/reactnativekeyboardcontroller/managers/KeyboardControllerViewManagerImpl.kt:62:7 'class MapBuilder : Any' is deprecated. Deprecated in Java.
[RUN_GRADLEW] w: file:///private/var/folders/n6/wzlyq5jx3553076lwg6z9x200000gn/T/eas-build-local-nodejs/40bea17f-40ab-4bb2-93cc-069de72f6d06/build/node_modules/react-native-keyboard-controller/android/src/main/java/com/reactnativekeyboardcontroller/managers/KeyboardControllerViewManagerImpl.kt:64:9 'class MapBuilder : Any' is deprecated. Deprecated in Java.
[RUN_GRADLEW] w: file:///private/var/folders/n6/wzlyq5jx3553076lwg6z9x200000gn/T/eas-build-local-nodejs/40bea17f-40ab-4bb2-93cc-069de72f6d06/build/node_modules/react-native-keyboard-controller/android/src/main/java/com/reactnativekeyboardcontroller/managers/KeyboardControllerViewManagerImpl.kt:66:9 'class MapBuilder : Any' is deprecated. Deprecated in Java.
[RUN_GRADLEW] w: file:///private/var/folders/n6/wzlyq5jx3553076lwg6z9x200000gn/T/eas-build-local-nodejs/40bea17f-40ab-4bb2-93cc-069de72f6d06/build/node_modules/react-native-keyboard-controller/android/src/main/java/com/reactnativekeyboardcontroller/managers/KeyboardControllerViewManagerImpl.kt:68:9 'class MapBuilder : Any' is deprecated. Deprecated in Java.
[RUN_GRADLEW] w: file:///private/var/folders/n6/wzlyq5jx3553076lwg6z9x200000gn/T/eas-build-local-nodejs/40bea17f-40ab-4bb2-93cc-069de72f6d06/build/node_modules/react-native-keyboard-controller/android/src/main/java/com/reactnativekeyboardcontroller/managers/KeyboardControllerViewManagerImpl.kt:70:9 'class MapBuilder : Any' is deprecated. Deprecated in Java.
[RUN_GRADLEW] w: file:///private/var/folders/n6/wzlyq5jx3553076lwg6z9x200000gn/T/eas-build-local-nodejs/40bea17f-40ab-4bb2-93cc-069de72f6d06/build/node_modules/react-native-keyboard-controller/android/src/main/java/com/reactnativekeyboardcontroller/managers/KeyboardControllerViewManagerImpl.kt:72:9 'class MapBuilder : Any' is deprecated. Deprecated in Java.
[RUN_GRADLEW] w: file:///private/var/folders/n6/wzlyq5jx3553076lwg6z9x200000gn/T/eas-build-local-nodejs/40bea17f-40ab-4bb2-93cc-069de72f6d06/build/node_modules/react-native-keyboard-controller/android/src/main/java/com/reactnativekeyboardcontroller/managers/KeyboardControllerViewManagerImpl.kt:74:9 'class MapBuilder : Any' is deprecated. Deprecated in Java.
[RUN_GRADLEW] w: file:///private/var/folders/n6/wzlyq5jx3553076lwg6z9x200000gn/T/eas-build-local-nodejs/40bea17f-40ab-4bb2-93cc-069de72f6d06/build/node_modules/react-native-keyboard-controller/android/src/main/java/com/reactnativekeyboardcontroller/managers/KeyboardControllerViewManagerImpl.kt:76:9 'class MapBuilder : Any' is deprecated. Deprecated in Java.
[RUN_GRADLEW] w: file:///private/var/folders/n6/wzlyq5jx3553076lwg6z9x200000gn/T/eas-build-local-nodejs/40bea17f-40ab-4bb2-93cc-069de72f6d06/build/node_modules/react-native-keyboard-controller/android/src/main/java/com/reactnativekeyboardcontroller/modules/statusbar/StatusBarManagerCompatModuleImpl.kt:62:36 'var statusBarColor: Int' is deprecated. Deprecated in Java.
[RUN_GRADLEW] w: file:///private/var/folders/n6/wzlyq5jx3553076lwg6z9x200000gn/T/eas-build-local-nodejs/40bea17f-40ab-4bb2-93cc-069de72f6d06/build/node_modules/react-native-keyboard-controller/android/src/main/java/com/reactnativekeyboardcontroller/modules/statusbar/StatusBarManagerCompatModuleImpl.kt:65:18 'var statusBarColor: Int' is deprecated. Deprecated in Java.
[RUN_GRADLEW] w: file:///private/var/folders/n6/wzlyq5jx3553076lwg6z9x200000gn/T/eas-build-local-nodejs/40bea17f-40ab-4bb2-93cc-069de72f6d06/build/node_modules/react-native-keyboard-controller/android/src/main/java/com/reactnativekeyboardcontroller/modules/statusbar/StatusBarManagerCompatModuleImpl.kt:70:16 'var statusBarColor: Int' is deprecated. Deprecated in Java.
[RUN_GRADLEW] w: file:///private/var/folders/n6/wzlyq5jx3553076lwg6z9x200000gn/T/eas-build-local-nodejs/40bea17f-40ab-4bb2-93cc-069de72f6d06/build/node_modules/react-native-keyboard-controller/android/src/main/java/com/reactnativekeyboardcontroller/views/EdgeToEdgeReactViewGroup.kt:123:23 'fun replaceSystemWindowInsets(p0: Int, p1: Int, p2: Int, p3: Int): WindowInsetsCompat' is deprecated. Deprecated in Java.
[RUN_GRADLEW] w: file:///private/var/folders/n6/wzlyq5jx3553076lwg6z9x200000gn/T/eas-build-local-nodejs/40bea17f-40ab-4bb2-93cc-069de72f6d06/build/node_modules/react-native-keyboard-controller/android/src/main/java/com/reactnativekeyboardcontroller/views/EdgeToEdgeReactViewGroup.kt:124:25 'val systemWindowInsetLeft: Int' is deprecated. Deprecated in Java.
[RUN_GRADLEW] w: file:///private/var/folders/n6/wzlyq5jx3553076lwg6z9x200000gn/T/eas-build-local-nodejs/40bea17f-40ab-4bb2-93cc-069de72f6d06/build/node_modules/react-native-keyboard-controller/android/src/main/java/com/reactnativekeyboardcontroller/views/EdgeToEdgeReactViewGroup.kt:125:65 'val systemWindowInsetTop: Int' is deprecated. Deprecated in Java.
[RUN_GRADLEW] w: file:///private/var/folders/n6/wzlyq5jx3553076lwg6z9x200000gn/T/eas-build-local-nodejs/40bea17f-40ab-4bb2-93cc-069de72f6d06/build/node_modules/react-native-keyboard-controller/android/src/main/java/com/reactnativekeyboardcontroller/views/EdgeToEdgeReactViewGroup.kt:126:25 'val systemWindowInsetRight: Int' is deprecated. Deprecated in Java.
[RUN_GRADLEW] w: file:///private/var/folders/n6/wzlyq5jx3553076lwg6z9x200000gn/T/eas-build-local-nodejs/40bea17f-40ab-4bb2-93cc-069de72f6d06/build/node_modules/react-native-keyboard-controller/android/src/main/java/com/reactnativekeyboardcontroller/views/EdgeToEdgeReactViewGroup.kt:127:25 'val systemWindowInsetBottom: Int' is deprecated. Deprecated in Java.
[RUN_GRADLEW] w: file:///private/var/folders/n6/wzlyq5jx3553076lwg6z9x200000gn/T/eas-build-local-nodejs/40bea17f-40ab-4bb2-93cc-069de72f6d06/build/node_modules/react-native-keyboard-controller/android/src/main/java/com/reactnativekeyboardcontroller/views/overlay/OverKeyboardViewGroup.kt:13:8 'object ReactFeatureFlags : Any' is deprecated. Use com.facebook.react.internal.featureflags.ReactNativeFeatureFlags instead.
[RUN_GRADLEW] w: file:///private/var/folders/n6/wzlyq5jx3553076lwg6z9x200000gn/T/eas-build-local-nodejs/40bea17f-40ab-4bb2-93cc-069de72f6d06/build/node_modules/react-native-keyboard-controller/android/src/main/java/com/reactnativekeyboardcontroller/views/overlay/OverKeyboardViewGroup.kt:132:9 'object ReactFeatureFlags : Any' is deprecated. Use com.facebook.react.internal.featureflags.ReactNativeFeatureFlags instead.
[RUN_GRADLEW] > Task :expo-dev-client:dataBindingGenBaseClassesRelease
[RUN_GRADLEW] > Task :app:processReleaseResources
[RUN_GRADLEW] > Task :react-native-keyboard-controller:compileReleaseJavaWithJavac
[RUN_GRADLEW] > Task :expo-dev-client:generateReleaseBuildConfig
[RUN_GRADLEW] > Task :expo-dev-client:javaPreCompileRelease
[RUN_GRADLEW] > Task :expo-dev-launcher:checkKotlinGradlePluginConfigurationErrors SKIPPED
[RUN_GRADLEW] > Task :expo-dev-launcher:dataBindingMergeDependencyArtifactsRelease
[RUN_GRADLEW] > Task :expo-dev-launcher:dataBindingGenBaseClassesRelease
[RUN_GRADLEW] > Task :react-native-keyboard-controller:bundleLibRuntimeToDirRelease
[RUN_GRADLEW] > Task :expo-dev-launcher:generateReleaseBuildConfig
[RUN_GRADLEW] > Task :expo-dev-menu:checkKotlinGradlePluginConfigurationErrors SKIPPED
[RUN_GRADLEW] > Task :expo-dev-menu:generateReleaseBuildConfig
[RUN_GRADLEW] > Task :expo-dev-menu-interface:checkKotlinGradlePluginConfigurationErrors SKIPPED
[RUN_GRADLEW] > Task :expo-dev-menu-interface:generateReleaseBuildConfig
[RUN_GRADLEW] > Task :expo-dev-menu-interface:javaPreCompileRelease
[RUN_GRADLEW] > Task :expo-json-utils:checkKotlinGradlePluginConfigurationErrors SKIPPED
[RUN_GRADLEW] > Task :expo-json-utils:generateReleaseBuildConfig
[RUN_GRADLEW] > Task :expo-json-utils:javaPreCompileRelease
[RUN_GRADLEW] > Task :expo-manifests:checkKotlinGradlePluginConfigurationErrors SKIPPED
[RUN_GRADLEW] > Task :expo-manifests:generateReleaseBuildConfig
[RUN_GRADLEW] > Task :expo-manifests:javaPreCompileRelease
[RUN_GRADLEW] > Task :expo-dev-menu:javaPreCompileRelease
[RUN_GRADLEW] > Task :expo-updates-interface:checkKotlinGradlePluginConfigurationErrors SKIPPED
[RUN_GRADLEW] > Task :expo-updates-interface:generateReleaseBuildConfig
[RUN_GRADLEW] > Task :expo-updates-interface:javaPreCompileRelease
[RUN_GRADLEW] > Task :expo-dev-launcher:javaPreCompileRelease
[RUN_GRADLEW] > Task :expo-image-loader:checkKotlinGradlePluginConfigurationErrors SKIPPED
[RUN_GRADLEW] > Task :expo-image-loader:generateReleaseBuildConfig
[RUN_GRADLEW] > Task :expo-image-loader:javaPreCompileRelease
[RUN_GRADLEW] > Task :react-native-image-colors:checkKotlinGradlePluginConfigurationErrors SKIPPED
[RUN_GRADLEW] > Task :react-native-image-colors:generateReleaseBuildConfig
[RUN_GRADLEW] > Task :react-native-image-colors:javaPreCompileRelease
[RUN_GRADLEW] > Task :expo:javaPreCompileRelease
[RUN_GRADLEW] > Task :react-native-linear-gradient:generateReleaseBuildConfig
[RUN_GRADLEW] > Task :react-native-linear-gradient:javaPreCompileRelease
[RUN_GRADLEW] > Task :react-native-linear-gradient:compileReleaseJavaWithJavac
[RUN_GRADLEW] > Task :react-native-svg:generateReleaseBuildConfig
[RUN_GRADLEW] > Task :react-native-svg:javaPreCompileRelease
[RUN_GRADLEW] > Task :react-native-linear-gradient:bundleLibRuntimeToDirRelease
[RUN_GRADLEW] > Task :react-native-reanimated:bundleLibRuntimeToDirRelease
[RUN_GRADLEW] > Task :react-native-video:compileReleaseKotlin
[RUN_GRADLEW] w: file:///private/var/folders/n6/wzlyq5jx3553076lwg6z9x200000gn/T/eas-build-local-nodejs/40bea17f-40ab-4bb2-93cc-069de72f6d06/build/node_modules/react-native-video/android/src/main/java/com/brentvatne/exoplayer/DataSourceUtil.kt:64:23 'constructor(reactContext: ReactContext): ForwardingCookieHandler' is deprecated. Use the default constructor.
[RUN_GRADLEW] w: file:///private/var/folders/n6/wzlyq5jx3553076lwg6z9x200000gn/T/eas-build-local-nodejs/40bea17f-40ab-4bb2-93cc-069de72f6d06/build/node_modules/react-native-video/android/src/main/java/com/brentvatne/exoplayer/ExoPlayerView.kt:49:9 'fun setUseArtwork(p0: Boolean): Unit' is deprecated. Deprecated in Java.
[RUN_GRADLEW] > Task :react-native-vision-camera:compileReleaseKotlin
[RUN_GRADLEW] w: file:///private/var/folders/n6/wzlyq5jx3553076lwg6z9x200000gn/T/eas-build-local-nodejs/40bea17f-40ab-4bb2-93cc-069de72f6d06/build/node_modules/react-native-vision-camera/android/src/main/java/com/mrousavy/camera/core/MetadataProvider.kt:44:25 'fun requestSingleUpdate(p0: String, p1: LocationListener, p2: Looper?): Unit' is deprecated. Deprecated in Java.
[RUN_GRADLEW] w: file:///private/var/folders/n6/wzlyq5jx3553076lwg6z9x200000gn/T/eas-build-local-nodejs/40bea17f-40ab-4bb2-93cc-069de72f6d06/build/node_modules/react-native-vision-camera/android/src/main/java/com/mrousavy/camera/core/utils/CamcorderProfileUtils.kt:71:42 'static fun get(p0: Int, p1: Int): CamcorderProfile!' is deprecated. Deprecated in Java.
[RUN_GRADLEW] w: file:///private/var/folders/n6/wzlyq5jx3553076lwg6z9x200000gn/T/eas-build-local-nodejs/40bea17f-40ab-4bb2-93cc-069de72f6d06/build/node_modules/react-native-vision-camera/android/src/main/java/com/mrousavy/camera/core/utils/CamcorderProfileUtils.kt:96:42 'static fun get(p0: Int, p1: Int): CamcorderProfile!' is deprecated. Deprecated in Java.
[RUN_GRADLEW] w: file:///private/var/folders/n6/wzlyq5jx3553076lwg6z9x200000gn/T/eas-build-local-nodejs/40bea17f-40ab-4bb2-93cc-069de72f6d06/build/node_modules/react-native-vision-camera/android/src/main/java/com/mrousavy/camera/core/utils/CamcorderProfileUtils.kt:121:42 'static fun get(p0: Int, p1: Int): CamcorderProfile!' is deprecated. Deprecated in Java.
[RUN_GRADLEW] w: file:///private/var/folders/n6/wzlyq5jx3553076lwg6z9x200000gn/T/eas-build-local-nodejs/40bea17f-40ab-4bb2-93cc-069de72f6d06/build/node_modules/react-native-vision-camera/android/src/main/java/com/mrousavy/camera/frameprocessors/VisionCameraProxy.kt:33:56 'val jsCallInvokerHolder: CallInvokerHolder' is deprecated. Use ReactContext.getJSCallInvokerHolder instead.
[RUN_GRADLEW] w: file:///private/var/folders/n6/wzlyq5jx3553076lwg6z9x200000gn/T/eas-build-local-nodejs/40bea17f-40ab-4bb2-93cc-069de72f6d06/build/node_modules/react-native-vision-camera/android/src/main/java/com/mrousavy/camera/react/CameraViewManager.kt:4:8 'class MapBuilder : Any' is deprecated. Deprecated in Java.
[RUN_GRADLEW] w: file:///private/var/folders/n6/wzlyq5jx3553076lwg6z9x200000gn/T/eas-build-local-nodejs/40bea17f-40ab-4bb2-93cc-069de72f6d06/build/node_modules/react-native-vision-camera/android/src/main/java/com/mrousavy/camera/react/CameraViewManager.kt:31:5 'class MapBuilder : Any' is deprecated. Deprecated in Java.
[RUN_GRADLEW] w: file:///private/var/folders/n6/wzlyq5jx3553076lwg6z9x200000gn/T/eas-build-local-nodejs/40bea17f-40ab-4bb2-93cc-069de72f6d06/build/node_modules/react-native-vision-camera/android/src/main/java/com/mrousavy/camera/react/CameraViewManager.kt:32:45 'class MapBuilder : Any' is deprecated. Deprecated in Java.
[RUN_GRADLEW] w: file:///private/var/folders/n6/wzlyq5jx3553076lwg6z9x200000gn/T/eas-build-local-nodejs/40bea17f-40ab-4bb2-93cc-069de72f6d06/build/node_modules/react-native-vision-camera/android/src/main/java/com/mrousavy/camera/react/CameraViewManager.kt:33:47 'class MapBuilder : Any' is deprecated. Deprecated in Java.
[RUN_GRADLEW] w: file:///private/var/folders/n6/wzlyq5jx3553076lwg6z9x200000gn/T/eas-build-local-nodejs/40bea17f-40ab-4bb2-93cc-069de72f6d06/build/node_modules/react-native-vision-camera/android/src/main/java/com/mrousavy/camera/react/CameraViewManager.kt:34:43 'class MapBuilder : Any' is deprecated. Deprecated in Java.
[RUN_GRADLEW] w: file:///private/var/folders/n6/wzlyq5jx3553076lwg6z9x200000gn/T/eas-build-local-nodejs/40bea17f-40ab-4bb2-93cc-069de72f6d06/build/node_modules/react-native-vision-camera/android/src/main/java/com/mrousavy/camera/react/CameraViewManager.kt:35:43 'class MapBuilder : Any' is deprecated. Deprecated in Java.
[RUN_GRADLEW] w: file:///private/var/folders/n6/wzlyq5jx3553076lwg6z9x200000gn/T/eas-build-local-nodejs/40bea17f-40ab-4bb2-93cc-069de72f6d06/build/node_modules/react-native-vision-camera/android/src/main/java/com/mrousavy/camera/react/CameraViewManager.kt:36:43 'class MapBuilder : Any' is deprecated. Deprecated in Java.
[RUN_GRADLEW] w: file:///private/var/folders/n6/wzlyq5jx3553076lwg6z9x200000gn/T/eas-build-local-nodejs/40bea17f-40ab-4bb2-93cc-069de72f6d06/build/node_modules/react-native-vision-camera/android/src/main/java/com/mrousavy/camera/react/CameraViewManager.kt:37:41 'class MapBuilder : Any' is deprecated. Deprecated in Java.
[RUN_GRADLEW] w: file:///private/var/folders/n6/wzlyq5jx3553076lwg6z9x200000gn/T/eas-build-local-nodejs/40bea17f-40ab-4bb2-93cc-069de72f6d06/build/node_modules/react-native-vision-camera/android/src/main/java/com/mrousavy/camera/react/CameraViewManager.kt:38:47 'class MapBuilder : Any' is deprecated. Deprecated in Java.
[RUN_GRADLEW] w: file:///private/var/folders/n6/wzlyq5jx3553076lwg6z9x200000gn/T/eas-build-local-nodejs/40bea17f-40ab-4bb2-93cc-069de72f6d06/build/node_modules/react-native-vision-camera/android/src/main/java/com/mrousavy/camera/react/CameraViewManager.kt:39:50 'class MapBuilder : Any' is deprecated. Deprecated in Java.
[RUN_GRADLEW] w: file:///private/var/folders/n6/wzlyq5jx3553076lwg6z9x200000gn/T/eas-build-local-nodejs/40bea17f-40ab-4bb2-93cc-069de72f6d06/build/node_modules/react-native-vision-camera/android/src/main/java/com/mrousavy/camera/react/CameraViewManager.kt:40:50 'class MapBuilder : Any' is deprecated. Deprecated in Java.
[RUN_GRADLEW] w: file:///private/var/folders/n6/wzlyq5jx3553076lwg6z9x200000gn/T/eas-build-local-nodejs/40bea17f-40ab-4bb2-93cc-069de72f6d06/build/node_modules/react-native-vision-camera/android/src/main/java/com/mrousavy/camera/react/CameraViewManager.kt:41:60 'class MapBuilder : Any' is deprecated. Deprecated in Java.
[RUN_GRADLEW] w: file:///private/var/folders/n6/wzlyq5jx3553076lwg6z9x200000gn/T/eas-build-local-nodejs/40bea17f-40ab-4bb2-93cc-069de72f6d06/build/node_modules/react-native-vision-camera/android/src/main/java/com/mrousavy/camera/react/CameraViewManager.kt:42:61 'class MapBuilder : Any' is deprecated. Deprecated in Java.
[RUN_GRADLEW] w: file:///private/var/folders/n6/wzlyq5jx3553076lwg6z9x200000gn/T/eas-build-local-nodejs/40bea17f-40ab-4bb2-93cc-069de72f6d06/build/node_modules/react-native-vision-camera/android/src/main/java/com/mrousavy/camera/react/CameraViewManager.kt:43:47 'class MapBuilder : Any' is deprecated. Deprecated in Java.
[RUN_GRADLEW] > Task :react-native-svg:compileReleaseJavaWithJavac
[RUN_GRADLEW] > Task :app:bundleReleaseResources
[RUN_GRADLEW] > Task :react-native-video:compileReleaseJavaWithJavac
[RUN_GRADLEW] > Task :react-native-video:bundleLibRuntimeToDirRelease
[RUN_GRADLEW] > Task :react-native-screens:compileReleaseKotlin
[RUN_GRADLEW] w: file:///private/var/folders/n6/wzlyq5jx3553076lwg6z9x200000gn/T/eas-build-local-nodejs/40bea17f-40ab-4bb2-93cc-069de72f6d06/build/node_modules/react-native-screens/android/src/main/java/com/swmansion/rnscreens/RNScreensPackage.kt:66:17 'constructor(name: String, className: String, canOverrideExistingModule: Boolean, needsEagerInit: Boolean, hasConstants: Boolean, isCxxModule: Boolean, isTurboModule: Boolean): ReactModuleInfo' is deprecated. This constructor is deprecated and will be removed in the future. Use ReactModuleInfo(String, String, boolean, boolean, boolean, boolean)].
[RUN_GRADLEW] w: file:///private/var/folders/n6/wzlyq5jx3553076lwg6z9x200000gn/T/eas-build-local-nodejs/40bea17f-40ab-4bb2-93cc-069de72f6d06/build/node_modules/react-native-screens/android/src/main/java/com/swmansion/rnscreens/Screen.kt:46:77 Unchecked cast of '(androidx.coordinatorlayout.widget.CoordinatorLayout.Behavior<android.view.View!>?..androidx.coordinatorlayout.widget.CoordinatorLayout.Behavior<*>?)' to 'com.google.android.material.bottomsheet.BottomSheetBehavior<com.swmansion.rnscreens.Screen>'.
[RUN_GRADLEW] w: file:///private/var/folders/n6/wzlyq5jx3553076lwg6z9x200000gn/T/eas-build-local-nodejs/40bea17f-40ab-4bb2-93cc-069de72f6d06/build/node_modules/react-native-screens/android/src/main/java/com/swmansion/rnscreens/Screen.kt:378:36 'fun setTranslucent(screen: Screen, activity: Activity?, context: ReactContext?): Unit' is deprecated. For apps targeting SDK 35 or above this prop has no effect because edge-to-edge is enabled by default and the status bar is always translucent.
[RUN_GRADLEW] w: file:///private/var/folders/n6/wzlyq5jx3553076lwg6z9x200000gn/T/eas-build-local-nodejs/40bea17f-40ab-4bb2-93cc-069de72f6d06/build/node_modules/react-native-screens/android/src/main/java/com/swmansion/rnscreens/Screen.kt:397:36 'fun setColor(screen: Screen, activity: Activity?, context: ReactContext?): Unit' is deprecated. For apps targeting SDK 35 or above this prop has no effect because edge-to-edge is enabled by default and the status bar is always translucent.
[RUN_GRADLEW] w: file:///private/var/folders/n6/wzlyq5jx3553076lwg6z9x200000gn/T/eas-build-local-nodejs/40bea17f-40ab-4bb2-93cc-069de72f6d06/build/node_modules/react-native-screens/android/src/main/java/com/swmansion/rnscreens/Screen.kt:415:36 'fun setNavigationBarColor(screen: Screen, activity: Activity?): Unit' is deprecated. For all apps targeting Android SDK 35 or above edge-to-edge is enabled by default.
[RUN_GRADLEW] w: file:///private/var/folders/n6/wzlyq5jx3553076lwg6z9x200000gn/T/eas-build-local-nodejs/40bea17f-40ab-4bb2-93cc-069de72f6d06/build/node_modules/react-native-screens/android/src/main/java/com/swmansion/rnscreens/Screen.kt:432:36 'fun setNavigationBarTranslucent(screen: Screen, activity: Activity?): Unit' is deprecated. For all apps targeting Android SDK 35 or above edge-to-edge is enabled by default.
[RUN_GRADLEW] w: file:///private/var/folders/n6/wzlyq5jx3553076lwg6z9x200000gn/T/eas-build-local-nodejs/40bea17f-40ab-4bb2-93cc-069de72f6d06/build/node_modules/react-native-screens/android/src/main/java/com/swmansion/rnscreens/ScreenStackFragment.kt:217:31 'var targetElevation: Float' is deprecated. Deprecated in Java.
[RUN_GRADLEW] w: file:///private/var/folders/n6/wzlyq5jx3553076lwg6z9x200000gn/T/eas-build-local-nodejs/40bea17f-40ab-4bb2-93cc-069de72f6d06/build/node_modules/react-native-screens/android/src/main/java/com/swmansion/rnscreens/ScreenStackFragment.kt:220:13 'fun setHasOptionsMenu(p0: Boolean): Unit' is deprecated. Deprecated in Java.
[RUN_GRADLEW] w: file:///private/var/folders/n6/wzlyq5jx3553076lwg6z9x200000gn/T/eas-build-local-nodejs/40bea17f-40ab-4bb2-93cc-069de72f6d06/build/node_modules/react-native-screens/android/src/main/java/com/swmansion/rnscreens/ScreenStackFragment.kt:397:18 This declaration overrides a deprecated member but is not marked as deprecated itself. Please add the '@Deprecated' annotation or suppress the diagnostic.
[RUN_GRADLEW] w: file:///private/var/folders/n6/wzlyq5jx3553076lwg6z9x200000gn/T/eas-build-local-nodejs/40bea17f-40ab-4bb2-93cc-069de72f6d06/build/node_modules/react-native-screens/android/src/main/java/com/swmansion/rnscreens/ScreenStackFragment.kt:404:22 'fun onPrepareOptionsMenu(p0: Menu): Unit' is deprecated. Deprecated in Java.
[RUN_GRADLEW] w: file:///private/var/folders/n6/wzlyq5jx3553076lwg6z9x200000gn/T/eas-build-local-nodejs/40bea17f-40ab-4bb2-93cc-069de72f6d06/build/node_modules/react-native-screens/android/src/main/java/com/swmansion/rnscreens/ScreenStackFragment.kt:407:18 This declaration overrides a deprecated member but is not marked as deprecated itself. Please add the '@Deprecated' annotation or suppress the diagnostic.
[RUN_GRADLEW] w: file:///private/var/folders/n6/wzlyq5jx3553076lwg6z9x200000gn/T/eas-build-local-nodejs/40bea17f-40ab-4bb2-93cc-069de72f6d06/build/node_modules/react-native-screens/android/src/main/java/com/swmansion/rnscreens/ScreenStackFragment.kt:412:22 'fun onCreateOptionsMenu(p0: Menu, p1: MenuInflater): Unit' is deprecated. Deprecated in Java.
[RUN_GRADLEW] w: file:///private/var/folders/n6/wzlyq5jx3553076lwg6z9x200000gn/T/eas-build-local-nodejs/40bea17f-40ab-4bb2-93cc-069de72f6d06/build/node_modules/react-native-screens/android/src/main/java/com/swmansion/rnscreens/ScreenStackHeaderConfigViewManager.kt:7:8 'class MapBuilder : Any' is deprecated. Deprecated in Java.
[RUN_GRADLEW] w: file:///private/var/folders/n6/wzlyq5jx3553076lwg6z9x200000gn/T/eas-build-local-nodejs/40bea17f-40ab-4bb2-93cc-069de72f6d06/build/node_modules/react-native-screens/android/src/main/java/com/swmansion/rnscreens/ScreenStackHeaderConfigViewManager.kt:210:9 'class MapBuilder : Any' is deprecated. Deprecated in Java.
[RUN_GRADLEW] w: file:///private/var/folders/n6/wzlyq5jx3553076lwg6z9x200000gn/T/eas-build-local-nodejs/40bea17f-40ab-4bb2-93cc-069de72f6d06/build/node_modules/react-native-screens/android/src/main/java/com/swmansion/rnscreens/ScreenStackHeaderConfigViewManager.kt:212:13 'class MapBuilder : Any' is deprecated. Deprecated in Java.
[RUN_GRADLEW] w: file:///private/var/folders/n6/wzlyq5jx3553076lwg6z9x200000gn/T/eas-build-local-nodejs/40bea17f-40ab-4bb2-93cc-069de72f6d06/build/node_modules/react-native-screens/android/src/main/java/com/swmansion/rnscreens/ScreenStackHeaderConfigViewManager.kt:214:13 'class MapBuilder : Any' is deprecated. Deprecated in Java.
[RUN_GRADLEW] w: file:///private/var/folders/n6/wzlyq5jx3553076lwg6z9x200000gn/T/eas-build-local-nodejs/40bea17f-40ab-4bb2-93cc-069de72f6d06/build/node_modules/react-native-screens/android/src/main/java/com/swmansion/rnscreens/ScreenViewManager.kt:7:8 'class MapBuilder : Any' is deprecated. Deprecated in Java.
[RUN_GRADLEW] w: file:///private/var/folders/n6/wzlyq5jx3553076lwg6z9x200000gn/T/eas-build-local-nodejs/40bea17f-40ab-4bb2-93cc-069de72f6d06/build/node_modules/react-native-screens/android/src/main/java/com/swmansion/rnscreens/ScreenViewManager.kt:204:14 'var statusBarColor: Int?' is deprecated. For apps targeting SDK 35 or above this prop has no effect because edge-to-edge is enabled by default and the status bar is always translucent.
[RUN_GRADLEW] w: file:///private/var/folders/n6/wzlyq5jx3553076lwg6z9x200000gn/T/eas-build-local-nodejs/40bea17f-40ab-4bb2-93cc-069de72f6d06/build/node_modules/react-native-screens/android/src/main/java/com/swmansion/rnscreens/ScreenViewManager.kt:221:14 'var isStatusBarTranslucent: Boolean?' is deprecated. For apps targeting SDK 35 or above this prop has no effect because edge-to-edge is enabled by default and the status bar is always translucent.
[RUN_GRADLEW] w: file:///private/var/folders/n6/wzlyq5jx3553076lwg6z9x200000gn/T/eas-build-local-nodejs/40bea17f-40ab-4bb2-93cc-069de72f6d06/build/node_modules/react-native-screens/android/src/main/java/com/swmansion/rnscreens/ScreenViewManager.kt:238:14 'var navigationBarColor: Int?' is deprecated. For all apps targeting Android SDK 35 or above edge-to-edge is enabled by default.
[RUN_GRADLEW] w: file:///private/var/folders/n6/wzlyq5jx3553076lwg6z9x200000gn/T/eas-build-local-nodejs/40bea17f-40ab-4bb2-93cc-069de72f6d06/build/node_modules/react-native-screens/android/src/main/java/com/swmansion/rnscreens/ScreenViewManager.kt:247:14 'var isNavigationBarTranslucent: Boolean?' is deprecated. For all apps targeting Android SDK 35 or above edge-to-edge is enabled by default.
[RUN_GRADLEW] w: file:///private/var/folders/n6/wzlyq5jx3553076lwg6z9x200000gn/T/eas-build-local-nodejs/40bea17f-40ab-4bb2-93cc-069de72f6d06/build/node_modules/react-native-screens/android/src/main/java/com/swmansion/rnscreens/ScreenViewManager.kt:382:48 'class MapBuilder : Any' is deprecated. Deprecated in Java.
[RUN_GRADLEW] w: file:///private/var/folders/n6/wzlyq5jx3553076lwg6z9x200000gn/T/eas-build-local-nodejs/40bea17f-40ab-4bb2-93cc-069de72f6d06/build/node_modules/react-native-screens/android/src/main/java/com/swmansion/rnscreens/ScreenViewManager.kt:383:49 'class MapBuilder : Any' is deprecated. Deprecated in Java.
[RUN_GRADLEW] w: file:///private/var/folders/n6/wzlyq5jx3553076lwg6z9x200000gn/T/eas-build-local-nodejs/40bea17f-40ab-4bb2-93cc-069de72f6d06/build/node_modules/react-native-screens/android/src/main/java/com/swmansion/rnscreens/ScreenViewManager.kt:384:45 'class MapBuilder : Any' is deprecated. Deprecated in Java.
[RUN_GRADLEW] w: file:///private/var/folders/n6/wzlyq5jx3553076lwg6z9x200000gn/T/eas-build-local-nodejs/40bea17f-40ab-4bb2-93cc-069de72f6d06/build/node_modules/react-native-screens/android/src/main/java/com/swmansion/rnscreens/ScreenViewManager.kt:385:52 'class MapBuilder : Any' is deprecated. Deprecated in Java.
[RUN_GRADLEW] w: file:///private/var/folders/n6/wzlyq5jx3553076lwg6z9x200000gn/T/eas-build-local-nodejs/40bea17f-40ab-4bb2-93cc-069de72f6d06/build/node_modules/react-native-screens/android/src/main/java/com/swmansion/rnscreens/ScreenViewManager.kt:386:48 'class MapBuilder : Any' is deprecated. Deprecated in Java.
[RUN_GRADLEW] w: file:///private/var/folders/n6/wzlyq5jx3553076lwg6z9x200000gn/T/eas-build-local-nodejs/40bea17f-40ab-4bb2-93cc-069de72f6d06/build/node_modules/react-native-screens/android/src/main/java/com/swmansion/rnscreens/ScreenViewManager.kt:387:51 'class MapBuilder : Any' is deprecated. Deprecated in Java.
[RUN_GRADLEW] w: file:///private/var/folders/n6/wzlyq5jx3553076lwg6z9x200000gn/T/eas-build-local-nodejs/40bea17f-40ab-4bb2-93cc-069de72f6d06/build/node_modules/react-native-screens/android/src/main/java/com/swmansion/rnscreens/ScreenViewManager.kt:388:56 'class MapBuilder : Any' is deprecated. Deprecated in Java.
[RUN_GRADLEW] w: file:///private/var/folders/n6/wzlyq5jx3553076lwg6z9x200000gn/T/eas-build-local-nodejs/40bea17f-40ab-4bb2-93cc-069de72f6d06/build/node_modules/react-native-screens/android/src/main/java/com/swmansion/rnscreens/ScreenViewManager.kt:389:57 'class MapBuilder : Any' is deprecated. Deprecated in Java.
[RUN_GRADLEW] w: file:///private/var/folders/n6/wzlyq5jx3553076lwg6z9x200000gn/T/eas-build-local-nodejs/40bea17f-40ab-4bb2-93cc-069de72f6d06/build/node_modules/react-native-screens/android/src/main/java/com/swmansion/rnscreens/ScreenViewManager.kt:390:51 'class MapBuilder : Any' is deprecated. Deprecated in Java.
[RUN_GRADLEW] w: file:///private/var/folders/n6/wzlyq5jx3553076lwg6z9x200000gn/T/eas-build-local-nodejs/40bea17f-40ab-4bb2-93cc-069de72f6d06/build/node_modules/react-native-screens/android/src/main/java/com/swmansion/rnscreens/ScreenWindowTraits.kt:55:42 'fun replaceSystemWindowInsets(p0: Int, p1: Int, p2: Int, p3: Int): WindowInsetsCompat' is deprecated. Deprecated in Java.
[RUN_GRADLEW] w: file:///private/var/folders/n6/wzlyq5jx3553076lwg6z9x200000gn/T/eas-build-local-nodejs/40bea17f-40ab-4bb2-93cc-069de72f6d06/build/node_modules/react-native-screens/android/src/main/java/com/swmansion/rnscreens/ScreenWindowTraits.kt:56:39 'val systemWindowInsetLeft: Int' is deprecated. Deprecated in Java.
[RUN_GRADLEW] w: file:///private/var/folders/n6/wzlyq5jx3553076lwg6z9x200000gn/T/eas-build-local-nodejs/40bea17f-40ab-4bb2-93cc-069de72f6d06/build/node_modules/react-native-screens/android/src/main/java/com/swmansion/rnscreens/ScreenWindowTraits.kt:58:39 'val systemWindowInsetRight: Int' is deprecated. Deprecated in Java.
[RUN_GRADLEW] w: file:///private/var/folders/n6/wzlyq5jx3553076lwg6z9x200000gn/T/eas-build-local-nodejs/40bea17f-40ab-4bb2-93cc-069de72f6d06/build/node_modules/react-native-screens/android/src/main/java/com/swmansion/rnscreens/ScreenWindowTraits.kt:59:39 'val systemWindowInsetBottom: Int' is deprecated. Deprecated in Java.
[RUN_GRADLEW] w: file:///private/var/folders/n6/wzlyq5jx3553076lwg6z9x200000gn/T/eas-build-local-nodejs/40bea17f-40ab-4bb2-93cc-069de72f6d06/build/node_modules/react-native-screens/android/src/main/java/com/swmansion/rnscreens/ScreenWindowTraits.kt:102:53 'var statusBarColor: Int' is deprecated. Deprecated in Java.
[RUN_GRADLEW] w: file:///private/var/folders/n6/wzlyq5jx3553076lwg6z9x200000gn/T/eas-build-local-nodejs/40bea17f-40ab-4bb2-93cc-069de72f6d06/build/node_modules/react-native-screens/android/src/main/java/com/swmansion/rnscreens/ScreenWindowTraits.kt:106:37 'var statusBarColor: Int?' is deprecated. For apps targeting SDK 35 or above this prop has no effect because edge-to-edge is enabled by default and the status bar is always translucent.
[RUN_GRADLEW] w: file:///private/var/folders/n6/wzlyq5jx3553076lwg6z9x200000gn/T/eas-build-local-nodejs/40bea17f-40ab-4bb2-93cc-069de72f6d06/build/node_modules/react-native-screens/android/src/main/java/com/swmansion/rnscreens/ScreenWindowTraits.kt:113:48 'var statusBarColor: Int' is deprecated. Deprecated in Java.
[RUN_GRADLEW] w: file:///private/var/folders/n6/wzlyq5jx3553076lwg6z9x200000gn/T/eas-build-local-nodejs/40bea17f-40ab-4bb2-93cc-069de72f6d06/build/node_modules/react-native-screens/android/src/main/java/com/swmansion/rnscreens/ScreenWindowTraits.kt:116:32 'var statusBarColor: Int' is deprecated. Deprecated in Java.
[RUN_GRADLEW] w: file:///private/var/folders/n6/wzlyq5jx3553076lwg6z9x200000gn/T/eas-build-local-nodejs/40bea17f-40ab-4bb2-93cc-069de72f6d06/build/node_modules/react-native-screens/android/src/main/java/com/swmansion/rnscreens/ScreenWindowTraits.kt:162:49 'var isStatusBarTranslucent: Boolean?' is deprecated. For apps targeting SDK 35 or above this prop has no effect because edge-to-edge is enabled by default and the status bar is always translucent.
[RUN_GRADLEW] w: file:///private/var/folders/n6/wzlyq5jx3553076lwg6z9x200000gn/T/eas-build-local-nodejs/40bea17f-40ab-4bb2-93cc-069de72f6d06/build/node_modules/react-native-screens/android/src/main/java/com/swmansion/rnscreens/ScreenWindowTraits.kt:218:43 'var navigationBarColor: Int?' is deprecated. For all apps targeting Android SDK 35 or above edge-to-edge is enabled by default.
[RUN_GRADLEW] w: file:///private/var/folders/n6/wzlyq5jx3553076lwg6z9x200000gn/T/eas-build-local-nodejs/40bea17f-40ab-4bb2-93cc-069de72f6d06/build/node_modules/react-native-screens/android/src/main/java/com/swmansion/rnscreens/ScreenWindowTraits.kt:218:72 'var navigationBarColor: Int' is deprecated. Deprecated in Java.
[RUN_GRADLEW] w: file:///private/var/folders/n6/wzlyq5jx3553076lwg6z9x200000gn/T/eas-build-local-nodejs/40bea17f-40ab-4bb2-93cc-069de72f6d06/build/node_modules/react-native-screens/android/src/main/java/com/swmansion/rnscreens/ScreenWindowTraits.kt:224:16 'var navigationBarColor: Int' is deprecated. Deprecated in Java.
[RUN_GRADLEW] w: file:///private/var/folders/n6/wzlyq5jx3553076lwg6z9x200000gn/T/eas-build-local-nodejs/40bea17f-40ab-4bb2-93cc-069de72f6d06/build/node_modules/react-native-screens/android/src/main/java/com/swmansion/rnscreens/ScreenWindowTraits.kt:241:55 'var isNavigationBarTranslucent: Boolean?' is deprecated. For all apps targeting Android SDK 35 or above edge-to-edge is enabled by default.
[RUN_GRADLEW] w: file:///private/var/folders/n6/wzlyq5jx3553076lwg6z9x200000gn/T/eas-build-local-nodejs/40bea17f-40ab-4bb2-93cc-069de72f6d06/build/node_modules/react-native-screens/android/src/main/java/com/swmansion/rnscreens/ScreenWindowTraits.kt:283:13 'fun setColor(screen: Screen, activity: Activity?, context: ReactContext?): Unit' is deprecated. For apps targeting SDK 35 or above this prop has no effect because edge-to-edge is enabled by default and the status bar is always translucent.
[RUN_GRADLEW] w: file:///private/var/folders/n6/wzlyq5jx3553076lwg6z9x200000gn/T/eas-build-local-nodejs/40bea17f-40ab-4bb2-93cc-069de72f6d06/build/node_modules/react-native-screens/android/src/main/java/com/swmansion/rnscreens/ScreenWindowTraits.kt:285:13 'fun setTranslucent(screen: Screen, activity: Activity?, context: ReactContext?): Unit' is deprecated. For apps targeting SDK 35 or above this prop has no effect because edge-to-edge is enabled by default and the status bar is always translucent.
[RUN_GRADLEW] w: file:///private/var/folders/n6/wzlyq5jx3553076lwg6z9x200000gn/T/eas-build-local-nodejs/40bea17f-40ab-4bb2-93cc-069de72f6d06/build/node_modules/react-native-screens/android/src/main/java/com/swmansion/rnscreens/ScreenWindowTraits.kt:289:13 'fun setNavigationBarColor(screen: Screen, activity: Activity?): Unit' is deprecated. For all apps targeting Android SDK 35 or above edge-to-edge is enabled by default.
[RUN_GRADLEW] w: file:///private/var/folders/n6/wzlyq5jx3553076lwg6z9x200000gn/T/eas-build-local-nodejs/40bea17f-40ab-4bb2-93cc-069de72f6d06/build/node_modules/react-native-screens/android/src/main/java/com/swmansion/rnscreens/ScreenWindowTraits.kt:290:13 'fun setNavigationBarTranslucent(screen: Screen, activity: Activity?): Unit' is deprecated. For all apps targeting Android SDK 35 or above edge-to-edge is enabled by default.
[RUN_GRADLEW] w: file:///private/var/folders/n6/wzlyq5jx3553076lwg6z9x200000gn/T/eas-build-local-nodejs/40bea17f-40ab-4bb2-93cc-069de72f6d06/build/node_modules/react-native-screens/android/src/main/java/com/swmansion/rnscreens/ScreenWindowTraits.kt:354:42 'var statusBarColor: Int?' is deprecated. For apps targeting SDK 35 or above this prop has no effect because edge-to-edge is enabled by default and the status bar is always translucent.
[RUN_GRADLEW] w: file:///private/var/folders/n6/wzlyq5jx3553076lwg6z9x200000gn/T/eas-build-local-nodejs/40bea17f-40ab-4bb2-93cc-069de72f6d06/build/node_modules/react-native-screens/android/src/main/java/com/swmansion/rnscreens/ScreenWindowTraits.kt:356:48 'var isStatusBarTranslucent: Boolean?' is deprecated. For apps targeting SDK 35 or above this prop has no effect because edge-to-edge is enabled by default and the status bar is always translucent.
[RUN_GRADLEW] w: file:///private/var/folders/n6/wzlyq5jx3553076lwg6z9x200000gn/T/eas-build-local-nodejs/40bea17f-40ab-4bb2-93cc-069de72f6d06/build/node_modules/react-native-screens/android/src/main/java/com/swmansion/rnscreens/ScreenWindowTraits.kt:359:57 'var navigationBarColor: Int?' is deprecated. For all apps targeting Android SDK 35 or above edge-to-edge is enabled by default.
[RUN_GRADLEW] w: file:///private/var/folders/n6/wzlyq5jx3553076lwg6z9x200000gn/T/eas-build-local-nodejs/40bea17f-40ab-4bb2-93cc-069de72f6d06/build/node_modules/react-native-screens/android/src/main/java/com/swmansion/rnscreens/ScreenWindowTraits.kt:360:63 'var isNavigationBarTranslucent: Boolean?' is deprecated. For all apps targeting Android SDK 35 or above edge-to-edge is enabled by default.
[RUN_GRADLEW] w: file:///private/var/folders/n6/wzlyq5jx3553076lwg6z9x200000gn/T/eas-build-local-nodejs/40bea17f-40ab-4bb2-93cc-069de72f6d06/build/node_modules/react-native-screens/android/src/main/java/com/swmansion/rnscreens/SearchBarManager.kt:5:8 'class MapBuilder : Any' is deprecated. Deprecated in Java.
[RUN_GRADLEW] w: file:///private/var/folders/n6/wzlyq5jx3553076lwg6z9x200000gn/T/eas-build-local-nodejs/40bea17f-40ab-4bb2-93cc-069de72f6d06/build/node_modules/react-native-screens/android/src/main/java/com/swmansion/rnscreens/SearchBarManager.kt:142:9 'class MapBuilder : Any' is deprecated. Deprecated in Java.
[RUN_GRADLEW] w: file:///private/var/folders/n6/wzlyq5jx3553076lwg6z9x200000gn/T/eas-build-local-nodejs/40bea17f-40ab-4bb2-93cc-069de72f6d06/build/node_modules/react-native-screens/android/src/main/java/com/swmansion/rnscreens/SearchBarManager.kt:144:13 'class MapBuilder : Any' is deprecated. Deprecated in Java.
[RUN_GRADLEW] w: file:///private/var/folders/n6/wzlyq5jx3553076lwg6z9x200000gn/T/eas-build-local-nodejs/40bea17f-40ab-4bb2-93cc-069de72f6d06/build/node_modules/react-native-screens/android/src/main/java/com/swmansion/rnscreens/SearchBarManager.kt:146:13 'class MapBuilder : Any' is deprecated. Deprecated in Java.
[RUN_GRADLEW] w: file:///private/var/folders/n6/wzlyq5jx3553076lwg6z9x200000gn/T/eas-build-local-nodejs/40bea17f-40ab-4bb2-93cc-069de72f6d06/build/node_modules/react-native-screens/android/src/main/java/com/swmansion/rnscreens/SearchBarManager.kt:148:13 'class MapBuilder : Any' is deprecated. Deprecated in Java.
[RUN_GRADLEW] w: file:///private/var/folders/n6/wzlyq5jx3553076lwg6z9x200000gn/T/eas-build-local-nodejs/40bea17f-40ab-4bb2-93cc-069de72f6d06/build/node_modules/react-native-screens/android/src/main/java/com/swmansion/rnscreens/SearchBarManager.kt:150:13 'class MapBuilder : Any' is deprecated. Deprecated in Java.
[RUN_GRADLEW] w: file:///private/var/folders/n6/wzlyq5jx3553076lwg6z9x200000gn/T/eas-build-local-nodejs/40bea17f-40ab-4bb2-93cc-069de72f6d06/build/node_modules/react-native-screens/android/src/main/java/com/swmansion/rnscreens/SearchBarManager.kt:152:13 'class MapBuilder : Any' is deprecated. Deprecated in Java.
[RUN_GRADLEW] w: file:///private/var/folders/n6/wzlyq5jx3553076lwg6z9x200000gn/T/eas-build-local-nodejs/40bea17f-40ab-4bb2-93cc-069de72f6d06/build/node_modules/react-native-screens/android/src/main/java/com/swmansion/rnscreens/SearchBarManager.kt:154:13 'class MapBuilder : Any' is deprecated. Deprecated in Java.
[RUN_GRADLEW] w: file:///private/var/folders/n6/wzlyq5jx3553076lwg6z9x200000gn/T/eas-build-local-nodejs/40bea17f-40ab-4bb2-93cc-069de72f6d06/build/node_modules/react-native-screens/android/src/main/java/com/swmansion/rnscreens/bottomsheet/BottomSheetDialogRootView.kt:7:8 'object ReactFeatureFlags : Any' is deprecated. Use com.facebook.react.internal.featureflags.ReactNativeFeatureFlags instead.
[RUN_GRADLEW] w: file:///private/var/folders/n6/wzlyq5jx3553076lwg6z9x200000gn/T/eas-build-local-nodejs/40bea17f-40ab-4bb2-93cc-069de72f6d06/build/node_modules/react-native-screens/android/src/main/java/com/swmansion/rnscreens/bottomsheet/BottomSheetDialogRootView.kt:25:13 'object ReactFeatureFlags : Any' is deprecated. Use com.facebook.react.internal.featureflags.ReactNativeFeatureFlags instead.
[RUN_GRADLEW] > Task :react-native-vision-camera:compileReleaseJavaWithJavac
[RUN_GRADLEW] > Task :react-native-screens:compileReleaseJavaWithJavac
[RUN_GRADLEW] > Task :react-native-worklets-core:bundleLibRuntimeToDirRelease
[RUN_GRADLEW] > Task :app:buildKotlinToolingMetadata
[RUN_GRADLEW] > Task :app:checkKotlinGradlePluginConfigurationErrors SKIPPED
[RUN_GRADLEW] > Task :app:generateReleaseBuildConfig
[RUN_GRADLEW] > Task :react-native-async-storage_async-storage:bundleLibCompileToJarRelease
[RUN_GRADLEW] > Task :react-native-edge-to-edge:bundleLibCompileToJarRelease
[RUN_GRADLEW] > Task :react-native-compressor:bundleLibCompileToJarRelease
[RUN_GRADLEW] > Task :react-native-gesture-handler:bundleLibCompileToJarRelease
[RUN_GRADLEW] > Task :react-native-linear-gradient:bundleLibCompileToJarRelease
[RUN_GRADLEW] > Task :react-native-keyboard-controller:bundleLibCompileToJarRelease
[RUN_GRADLEW] > Task :react-native-safe-area-context:bundleLibCompileToJarRelease
[RUN_GRADLEW] > Task :react-native-screens:bundleLibCompileToJarRelease
[RUN_GRADLEW] > Task :react-native-svg:bundleLibCompileToJarRelease
[RUN_GRADLEW] > Task :app:checkReleaseDuplicateClasses
[RUN_GRADLEW] > Task :react-native-video:bundleLibCompileToJarRelease
[RUN_GRADLEW] > Task :app:javaPreCompileRelease
[RUN_GRADLEW] > Task :app:desugarReleaseFileDependencies
[RUN_GRADLEW] > Task :app:mergeReleaseStartupProfile
[RUN_GRADLEW] > Task :react-native-vision-camera:bundleLibCompileToJarRelease
[RUN_GRADLEW] > Task :app:mergeReleaseShaders
[RUN_GRADLEW] > Task :app:compileReleaseShaders NO-SOURCE
[RUN_GRADLEW] > Task :app:generateReleaseAssets UP-TO-DATE
[RUN_GRADLEW] > Task :expo:mergeReleaseShaders
[RUN_GRADLEW] > Task :expo:compileReleaseShaders NO-SOURCE
[RUN_GRADLEW] > Task :expo:generateReleaseAssets UP-TO-DATE
[RUN_GRADLEW] > Task :expo:packageReleaseAssets
[RUN_GRADLEW] > Task :react-native-screens:bundleLibRuntimeToDirRelease
[RUN_GRADLEW] > Task :react-native-svg:bundleLibRuntimeToDirRelease
[RUN_GRADLEW] > Task :react-native-vision-camera:bundleLibRuntimeToDirRelease
[RUN_GRADLEW] > Task :expo-constants:mergeReleaseShaders
[RUN_GRADLEW] > Task :expo-constants:compileReleaseShaders NO-SOURCE
[RUN_GRADLEW] > Task :expo-constants:generateReleaseAssets UP-TO-DATE
[RUN_GRADLEW] > Task :expo-constants:packageReleaseAssets
[RUN_GRADLEW] > Task :expo-dev-client:mergeReleaseShaders
[RUN_GRADLEW] > Task :expo-dev-client:compileReleaseShaders NO-SOURCE
[RUN_GRADLEW] > Task :expo-dev-client:generateReleaseAssets UP-TO-DATE
[RUN_GRADLEW] > Task :expo-dev-client:packageReleaseAssets
[RUN_GRADLEW] > Task :expo-dev-launcher:mergeReleaseShaders
[RUN_GRADLEW] > Task :expo-dev-launcher:compileReleaseShaders NO-SOURCE
[RUN_GRADLEW] > Task :expo-dev-launcher:generateReleaseAssets UP-TO-DATE
[RUN_GRADLEW] > Task :expo-dev-launcher:packageReleaseAssets
[RUN_GRADLEW] > Task :expo-dev-menu:mergeReleaseShaders
[RUN_GRADLEW] > Task :expo-dev-menu:compileReleaseShaders NO-SOURCE
[RUN_GRADLEW] > Task :expo-dev-menu:generateReleaseAssets UP-TO-DATE
[RUN_GRADLEW] > Task :expo-dev-menu:packageReleaseAssets
[RUN_GRADLEW] > Task :expo-dev-menu-interface:mergeReleaseShaders
[RUN_GRADLEW] > Task :expo-dev-menu-interface:compileReleaseShaders NO-SOURCE
[RUN_GRADLEW] > Task :expo-dev-menu-interface:generateReleaseAssets UP-TO-DATE
[RUN_GRADLEW] > Task :expo-dev-menu-interface:packageReleaseAssets
[RUN_GRADLEW] > Task :expo-image-loader:mergeReleaseShaders
[RUN_GRADLEW] > Task :expo-image-loader:compileReleaseShaders NO-SOURCE
[RUN_GRADLEW] > Task :expo-image-loader:generateReleaseAssets UP-TO-DATE
[RUN_GRADLEW] > Task :expo-image-loader:packageReleaseAssets
[RUN_GRADLEW] > Task :expo-json-utils:mergeReleaseShaders
[RUN_GRADLEW] > Task :expo-json-utils:compileReleaseShaders NO-SOURCE
[RUN_GRADLEW] > Task :expo-json-utils:generateReleaseAssets UP-TO-DATE
[RUN_GRADLEW] > Task :expo-json-utils:packageReleaseAssets
[RUN_GRADLEW] > Task :expo-manifests:mergeReleaseShaders
[RUN_GRADLEW] > Task :expo-manifests:compileReleaseShaders NO-SOURCE
[RUN_GRADLEW] > Task :expo-manifests:generateReleaseAssets UP-TO-DATE
[RUN_GRADLEW] > Task :expo-manifests:packageReleaseAssets
[RUN_GRADLEW] > Task :expo-modules-core:mergeReleaseShaders
[RUN_GRADLEW] > Task :expo-modules-core:compileReleaseShaders NO-SOURCE
[RUN_GRADLEW] > Task :expo-modules-core:generateReleaseAssets UP-TO-DATE
[RUN_GRADLEW] > Task :expo-modules-core:packageReleaseAssets
[RUN_GRADLEW] > Task :expo-updates-interface:mergeReleaseShaders
[RUN_GRADLEW] > Task :expo-updates-interface:compileReleaseShaders NO-SOURCE
[RUN_GRADLEW] > Task :expo-updates-interface:generateReleaseAssets UP-TO-DATE
[RUN_GRADLEW] > Task :expo-updates-interface:packageReleaseAssets
[RUN_GRADLEW] > Task :react-native-async-storage_async-storage:mergeReleaseShaders
[RUN_GRADLEW] > Task :react-native-async-storage_async-storage:compileReleaseShaders NO-SOURCE
[RUN_GRADLEW] > Task :react-native-async-storage_async-storage:generateReleaseAssets UP-TO-DATE
[RUN_GRADLEW] > Task :react-native-async-storage_async-storage:packageReleaseAssets
[RUN_GRADLEW] > Task :react-native-compressor:mergeReleaseShaders
[RUN_GRADLEW] > Task :react-native-compressor:compileReleaseShaders NO-SOURCE
[RUN_GRADLEW] > Task :react-native-compressor:generateReleaseAssets UP-TO-DATE
[RUN_GRADLEW] > Task :react-native-compressor:packageReleaseAssets
[RUN_GRADLEW] > Task :react-native-edge-to-edge:mergeReleaseShaders
[RUN_GRADLEW] > Task :react-native-edge-to-edge:compileReleaseShaders NO-SOURCE
[RUN_GRADLEW] > Task :react-native-edge-to-edge:generateReleaseAssets UP-TO-DATE
[RUN_GRADLEW] > Task :react-native-edge-to-edge:packageReleaseAssets
[RUN_GRADLEW] > Task :react-native-gesture-handler:mergeReleaseShaders
[RUN_GRADLEW] > Task :react-native-gesture-handler:compileReleaseShaders NO-SOURCE
[RUN_GRADLEW] > Task :react-native-gesture-handler:generateReleaseAssets UP-TO-DATE
[RUN_GRADLEW] > Task :react-native-gesture-handler:packageReleaseAssets
[RUN_GRADLEW] > Task :react-native-image-colors:mergeReleaseShaders
[RUN_GRADLEW] > Task :react-native-image-colors:compileReleaseShaders NO-SOURCE
[RUN_GRADLEW] > Task :react-native-image-colors:generateReleaseAssets
[RUN_GRADLEW] UP-TO-DATE
[RUN_GRADLEW] > Task :react-native-image-colors:packageReleaseAssets
[RUN_GRADLEW] > Task :react-native-keyboard-controller:mergeReleaseShaders
[RUN_GRADLEW] > Task :react-native-keyboard-controller:compileReleaseShaders NO-SOURCE
[RUN_GRADLEW] > Task :react-native-keyboard-controller:generateReleaseAssets UP-TO-DATE
[RUN_GRADLEW] > Task :react-native-keyboard-controller:packageReleaseAssets
[RUN_GRADLEW] > Task :react-native-linear-gradient:mergeReleaseShaders
[RUN_GRADLEW] > Task :react-native-linear-gradient:compileReleaseShaders NO-SOURCE
[RUN_GRADLEW] > Task :react-native-linear-gradient:generateReleaseAssets UP-TO-DATE
[RUN_GRADLEW] > Task :react-native-linear-gradient:packageReleaseAssets
[RUN_GRADLEW] > Task :react-native-reanimated:mergeReleaseShaders
[RUN_GRADLEW] > Task :react-native-reanimated:compileReleaseShaders NO-SOURCE
[RUN_GRADLEW] > Task :react-native-reanimated:generateReleaseAssets UP-TO-DATE
[RUN_GRADLEW] > Task :react-native-reanimated:packageReleaseAssets
[RUN_GRADLEW] > Task :react-native-safe-area-context:mergeReleaseShaders
[RUN_GRADLEW] > Task :react-native-safe-area-context:compileReleaseShaders NO-SOURCE
[RUN_GRADLEW] > Task :react-native-safe-area-context:generateReleaseAssets UP-TO-DATE
[RUN_GRADLEW] > Task :react-native-safe-area-context:packageReleaseAssets
[RUN_GRADLEW] > Task :react-native-screens:mergeReleaseShaders
[RUN_GRADLEW] > Task :react-native-screens:compileReleaseShaders NO-SOURCE
[RUN_GRADLEW] > Task :react-native-screens:generateReleaseAssets UP-TO-DATE
[RUN_GRADLEW] > Task :react-native-screens:packageReleaseAssets
[RUN_GRADLEW] > Task :react-native-svg:mergeReleaseShaders
[RUN_GRADLEW] > Task :react-native-svg:compileReleaseShaders NO-SOURCE
[RUN_GRADLEW] > Task :react-native-svg:generateReleaseAssets UP-TO-DATE
[RUN_GRADLEW] > Task :react-native-svg:packageReleaseAssets
[RUN_GRADLEW] > Task :react-native-video:mergeReleaseShaders
[RUN_GRADLEW] > Task :react-native-video:compileReleaseShaders NO-SOURCE
[RUN_GRADLEW] > Task :react-native-video:generateReleaseAssets UP-TO-DATE
[RUN_GRADLEW] > Task :react-native-video:packageReleaseAssets
[RUN_GRADLEW] > Task :react-native-vision-camera:mergeReleaseShaders
[RUN_GRADLEW] > Task :react-native-vision-camera:compileReleaseShaders NO-SOURCE
[RUN_GRADLEW] > Task :react-native-vision-camera:generateReleaseAssets UP-TO-DATE
[RUN_GRADLEW] > Task :react-native-vision-camera:packageReleaseAssets
[RUN_GRADLEW] > Task :react-native-worklets-core:mergeReleaseShaders
[RUN_GRADLEW] > Task :react-native-worklets-core:compileReleaseShaders NO-SOURCE
[RUN_GRADLEW] > Task :react-native-worklets-core:generateReleaseAssets UP-TO-DATE
[RUN_GRADLEW] > Task :react-native-worklets-core:packageReleaseAssets
[RUN_GRADLEW] > Task :app:mergeReleaseAssets
[RUN_GRADLEW] > Task :react-native-compressor:bundleLibRuntimeToJarRelease
[RUN_GRADLEW] > Task :react-native-gesture-handler:bundleLibRuntimeToJarRelease
[RUN_GRADLEW] > Task :react-native-keyboard-controller:bundleLibRuntimeToJarRelease
[RUN_GRADLEW] > Task :react-native-safe-area-context:bundleLibRuntimeToJarRelease
[RUN_GRADLEW] > Task :react-native-screens:bundleLibRuntimeToJarRelease
[RUN_GRADLEW] > Task :react-native-video:bundleLibRuntimeToJarRelease
[RUN_GRADLEW] > Task :react-native-edge-to-edge:bundleLibRuntimeToJarRelease
[RUN_GRADLEW] > Task :react-native-vision-camera:bundleLibRuntimeToJarRelease
[RUN_GRADLEW] > Task :react-native-async-storage_async-storage:bundleLibRuntimeToJarRelease
[RUN_GRADLEW] > Task :react-native-linear-gradient:bundleLibRuntimeToJarRelease
[RUN_GRADLEW] > Task :react-native-reanimated:bundleLibRuntimeToJarRelease
[RUN_GRADLEW] > Task :react-native-worklets-core:bundleLibRuntimeToJarRelease
[RUN_GRADLEW] > Task :react-native-svg:bundleLibRuntimeToJarRelease
[RUN_GRADLEW] > Task :react-native-async-storage_async-storage:processReleaseJavaRes NO-SOURCE
[RUN_GRADLEW] > Task :react-native-compressor:processReleaseJavaRes
[RUN_GRADLEW] > Task :react-native-edge-to-edge:processReleaseJavaRes
[RUN_GRADLEW] > Task :react-native-gesture-handler:processReleaseJavaRes
[RUN_GRADLEW] > Task :react-native-keyboard-controller:processReleaseJavaRes
[RUN_GRADLEW] > Task :react-native-linear-gradient:processReleaseJavaRes NO-SOURCE
[RUN_GRADLEW] > Task :react-native-reanimated:processReleaseJavaRes NO-SOURCE
[RUN_GRADLEW] > Task :react-native-safe-area-context:processReleaseJavaRes
[RUN_GRADLEW] > Task :react-native-screens:processReleaseJavaRes
[RUN_GRADLEW] > Task :react-native-svg:processReleaseJavaRes NO-SOURCE
[RUN_GRADLEW] > Task :react-native-video:processReleaseJavaRes
[RUN_GRADLEW] > Task :react-native-vision-camera:processReleaseJavaRes
[RUN_GRADLEW] > Task :react-native-worklets-core:processReleaseJavaRes NO-SOURCE
[RUN_GRADLEW] > Task :react-native-reanimated:configureCMakeRelWithDebInfo[arm64-v8a]
[RUN_GRADLEW] > Task :expo-modules-core:compileReleaseKotlin
[RUN_GRADLEW] w: file:///private/var/folders/n6/wzlyq5jx3553076lwg6z9x200000gn/T/eas-build-local-nodejs/40bea17f-40ab-4bb2-93cc-069de72f6d06/build/node_modules/expo-modules-core/android/src/main/java/expo/modules/apploader/AppLoaderProvider.kt:34:52 Unchecked cast of 'java.lang.Class<*>!' to 'java.lang.Class<out expo.modules.apploader.HeadlessAppLoader>'.
[RUN_GRADLEW] > Task :app:mergeExtDexRelease
[RUN_GRADLEW] > Task :react-native-reanimated:configureCMakeRelWithDebInfo[armeabi-v7a]
[RUN_GRADLEW] > Task :expo-modules-core:compileReleaseJavaWithJavac
[RUN_GRADLEW] > Task :expo-modules-core:processReleaseJavaRes
[RUN_GRADLEW] > Task :expo-modules-core:bundleLibCompileToJarRelease
[RUN_GRADLEW] > Task :expo-modules-core:bundleLibRuntimeToJarRelease
[RUN_GRADLEW] > Task :expo-modules-core:bundleLibRuntimeToDirRelease
[RUN_GRADLEW] > Task :react-native-reanimated:configureCMakeRelWithDebInfo[x86]
[RUN_GRADLEW] > Task :expo-dev-client:compileReleaseKotlin NO-SOURCE
[RUN_GRADLEW] > Task :expo-dev-client:compileReleaseJavaWithJavac
[RUN_GRADLEW] > Task :expo-dev-client:bundleLibCompileToJarRelease
[RUN_GRADLEW] > Task :expo-constants:compileReleaseKotlin
[RUN_GRADLEW] > Task :expo-json-utils:compileReleaseKotlin
[RUN_GRADLEW] > Task :expo-constants:compileReleaseJavaWithJavac
[RUN_GRADLEW] > Task :expo-constants:bundleLibCompileToJarRelease
[RUN_GRADLEW] > Task :expo-updates-interface:compileReleaseKotlin
[RUN_GRADLEW] > Task :expo-dev-menu-interface:compileReleaseKotlin
[RUN_GRADLEW] > Task :expo-json-utils:compileReleaseJavaWithJavac
[RUN_GRADLEW] > Task :expo-image-loader:compileReleaseKotlin
[RUN_GRADLEW] > Task :expo-dev-menu-interface:compileReleaseJavaWithJavac
[RUN_GRADLEW] > Task :expo-json-utils:bundleLibCompileToJarRelease
[RUN_GRADLEW] > Task :react-native-image-colors:compileReleaseKotlin
[RUN_GRADLEW] > Task :expo-dev-menu-interface:bundleLibCompileToJarRelease
[RUN_GRADLEW] > Task :expo-updates-interface:compileReleaseJavaWithJavac
[RUN_GRADLEW] > Task :expo-updates-interface:bundleLibCompileToJarRelease
[RUN_GRADLEW] > Task :expo-image-loader:compileReleaseJavaWithJavac
[RUN_GRADLEW] > Task :expo-image-loader:bundleLibCompileToJarRelease
[RUN_GRADLEW] > Task :react-native-image-colors:compileReleaseJavaWithJavac
[RUN_GRADLEW] > Task :react-native-image-colors:bundleLibCompileToJarRelease
[RUN_GRADLEW] > Task :expo-dev-menu-interface:bundleLibRuntimeToDirRelease
[RUN_GRADLEW] > Task :expo-dev-client:bundleLibRuntimeToDirRelease
[RUN_GRADLEW] > Task :react-native-image-colors:bundleLibRuntimeToDirRelease
[RUN_GRADLEW] > Task :expo-constants:bundleLibRuntimeToDirRelease
[RUN_GRADLEW] > Task :expo-image-loader:bundleLibRuntimeToDirRelease
[RUN_GRADLEW] > Task :expo-json-utils:bundleLibRuntimeToDirRelease
[RUN_GRADLEW] > Task :expo-updates-interface:bundleLibRuntimeToDirRelease
[RUN_GRADLEW] > Task :expo-dev-menu-interface:bundleLibRuntimeToJarRelease
[RUN_GRADLEW] > Task :react-native-image-colors:bundleLibRuntimeToJarRelease
[RUN_GRADLEW] > Task :expo-constants:bundleLibRuntimeToJarRelease
[RUN_GRADLEW] > Task :expo-dev-client:bundleLibRuntimeToJarRelease
[RUN_GRADLEW] > Task :expo-image-loader:bundleLibRuntimeToJarRelease
[RUN_GRADLEW] > Task :expo-json-utils:bundleLibRuntimeToJarRelease
[RUN_GRADLEW] > Task :expo-updates-interface:bundleLibRuntimeToJarRelease
[RUN_GRADLEW] > Task :expo-constants:processReleaseJavaRes
[RUN_GRADLEW] > Task :expo-dev-client:processReleaseJavaRes NO-SOURCE
[RUN_GRADLEW] > Task :expo-dev-menu-interface:processReleaseJavaRes
[RUN_GRADLEW] > Task :expo-image-loader:processReleaseJavaRes
[RUN_GRADLEW] > Task :expo-json-utils:processReleaseJavaRes
[RUN_GRADLEW] > Task :expo-updates-interface:processReleaseJavaRes
[RUN_GRADLEW] > Task :react-native-image-colors:processReleaseJavaRes
[RUN_GRADLEW] > Task :expo-manifests:compileReleaseKotlin
[RUN_GRADLEW] w: file:///private/var/folders/n6/wzlyq5jx3553076lwg6z9x200000gn/T/eas-build-local-nodejs/40bea17f-40ab-4bb2-93cc-069de72f6d06/build/node_modules/expo-manifests/android/src/main/java/expo/modules/manifests/core/EmbeddedManifest.kt:19:16 This declaration overrides a deprecated member but is not marked as deprecated itself. Please add the '@Deprecated' annotation or suppress the diagnostic.
[RUN_GRADLEW] w: file:///private/var/folders/n6/wzlyq5jx3553076lwg6z9x200000gn/T/eas-build-local-nodejs/40bea17f-40ab-4bb2-93cc-069de72f6d06/build/node_modules/expo-manifests/android/src/main/java/expo/modules/manifests/core/EmbeddedManifest.kt:19:86 'fun getLegacyID(): String' is deprecated. Prefer scopeKey or projectId depending on use case.
[RUN_GRADLEW] w: file:///private/var/folders/n6/wzlyq5jx3553076lwg6z9x200000gn/T/eas-build-local-nodejs/40bea17f-40ab-4bb2-93cc-069de72f6d06/build/node_modules/expo-manifests/android/src/main/java/expo/modules/manifests/core/ExpoUpdatesManifest.kt:16:16 This declaration overrides a deprecated member but is not marked as deprecated itself. Please add the '@Deprecated' annotation or suppress the diagnostic.
[RUN_GRADLEW] w: file:///private/var/folders/n6/wzlyq5jx3553076lwg6z9x200000gn/T/eas-build-local-nodejs/40bea17f-40ab-4bb2-93cc-069de72f6d06/build/node_modules/expo-manifests/android/src/main/java/expo/modules/manifests/core/Manifest.kt:13:3 Deprecations and opt-ins on a method overridden from 'Any' may not be reported.
[RUN_GRADLEW] w: file:///private/var/folders/n6/wzlyq5jx3553076lwg6z9x200000gn/T/eas-build-local-nodejs/40bea17f-40ab-4bb2-93cc-069de72f6d06/build/node_modules/expo-manifests/android/src/main/java/expo/modules/manifests/core/Manifest.kt:15:12 'fun getRawJson(): JSONObject' is deprecated. Prefer to use specific field getters.
[RUN_GRADLEW] > Task :react-native-reanimated:configureCMakeRelWithDebInfo[x86_64]
[RUN_GRADLEW] > Task :expo-manifests:compileReleaseJavaWithJavac
[RUN_GRADLEW] > Task :expo-manifests:bundleLibCompileToJarRelease
[RUN_GRADLEW] > Task :expo-manifests:bundleLibRuntimeToJarRelease
[RUN_GRADLEW] > Task :expo-manifests:processReleaseJavaRes
[RUN_GRADLEW] > Task :expo-manifests:bundleLibRuntimeToDirRelease
[RUN_GRADLEW] > Task :react-native-reanimated:generateJsonModelRelease
[RUN_GRADLEW] > Task :react-native-reanimated:prefabReleaseConfigurePackage
[RUN_GRADLEW] > Task :expo-dev-menu:compileReleaseKotlin
[RUN_GRADLEW] w: file:///private/var/folders/n6/wzlyq5jx3553076lwg6z9x200000gn/T/eas-build-local-nodejs/40bea17f-40ab-4bb2-93cc-069de72f6d06/build/node_modules/expo-dev-menu/android/src/main/java/com/facebook/react/devsupport/DevMenuSettingsBase.kt:6:8 'class PreferenceManager : Any' is deprecated. Deprecated in Java.
[RUN_GRADLEW] w: file:///private/var/folders/n6/wzlyq5jx3553076lwg6z9x200000gn/T/eas-build-local-nodejs/40bea17f-40ab-4bb2-93cc-069de72f6d06/build/node_modules/expo-dev-menu/android/src/main/java/com/facebook/react/devsupport/DevMenuSettingsBase.kt:18:51 'class PreferenceManager : Any' is deprecated. Deprecated in Java.
[RUN_GRADLEW] w: file:///private/var/folders/n6/wzlyq5jx3553076lwg6z9x200000gn/T/eas-build-local-nodejs/40bea17f-40ab-4bb2-93cc-069de72f6d06/build/node_modules/expo-dev-menu/android/src/main/java/com/facebook/react/devsupport/DevMenuSettingsBase.kt:18:69 'static fun getDefaultSharedPreferences(p0: Context!): SharedPreferences!' is deprecated. Deprecated in Java.
[RUN_GRADLEW] w: file:///private/var/folders/n6/wzlyq5jx3553076lwg6z9x200000gn/T/eas-build-local-nodejs/40bea17f-40ab-4bb2-93cc-069de72f6d06/build/node_modules/expo-dev-menu/android/src/main/java/com/facebook/react/devsupport/DevMenuSettingsBase.kt:51:13 This code uses error suppression for 'NOTHING_TO_OVERRIDE'. While it might compile and work, the compiler behavior is UNSPECIFIED and WON'T BE PRESERVED. Please report your use case to the Kotlin issue tracker instead: https://kotl.in/issue
[RUN_GRADLEW] w: file:///private/var/folders/n6/wzlyq5jx3553076lwg6z9x200000gn/T/eas-build-local-nodejs/40bea17f-40ab-4bb2-93cc-069de72f6d06/build/node_modules/expo-dev-menu/android/src/main/java/com/facebook/react/devsupport/DevMenuSettingsBase.kt:58:16 This declaration overrides a deprecated member but is not marked as deprecated itself. Please add the '@Deprecated' annotation or suppress the diagnostic.
[RUN_GRADLEW] w: file:///private/var/folders/n6/wzlyq5jx3553076lwg6z9x200000gn/T/eas-build-local-nodejs/40bea17f-40ab-4bb2-93cc-069de72f6d06/build/node_modules/expo-dev-menu/android/src/main/java/expo/modules/devmenu/fab/MovableFloatingActionButton.kt:173:17 'fun computeBounds(p0: RectF, p1: Boolean): Unit' is deprecated. Deprecated in Java.
[RUN_GRADLEW] w: file:///private/var/folders/n6/wzlyq5jx3553076lwg6z9x200000gn/T/eas-build-local-nodejs/40bea17f-40ab-4bb2-93cc-069de72f6d06/build/node_modules/expo-dev-menu/android/src/main/java/expo/modules/devmenu/helpers/DevMenuOkHttpExtension.kt:58:19 'fun create(contentType: MediaType?, content: String): RequestBody' is deprecated. Moved to extension function. Put the 'content' argument first to fix Java.
[RUN_GRADLEW] > Task :react-native-worklets-core:configureCMakeRelWithDebInfo[arm64-v8a]
[RUN_GRADLEW] > Task :expo-dev-menu:compileReleaseJavaWithJavac
[RUN_GRADLEW] > Task :expo-dev-menu:bundleLibCompileToJarRelease
[RUN_GRADLEW] > Task :expo-dev-menu:bundleLibRuntimeToJarRelease
[RUN_GRADLEW] > Task :expo-dev-menu:processReleaseJavaRes
[RUN_GRADLEW] > Task :expo-dev-menu:bundleLibRuntimeToDirRelease
[RUN_GRADLEW] > Task :expo-dev-launcher:compileReleaseKotlin
[RUN_GRADLEW] w: file:///private/var/folders/n6/wzlyq5jx3553076lwg6z9x200000gn/T/eas-build-local-nodejs/40bea17f-40ab-4bb2-93cc-069de72f6d06/build/node_modules/expo-dev-launcher/android/src/main/java/expo/modules/devlauncher/launcher/DevLauncherRecentlyOpenedAppsRegistry.kt:32:47 Unchecked cast of 'kotlin.collections.MutableMap<kotlin.Any?, kotlin.Any?>' to 'kotlin.collections.MutableMap<kotlin.String, kotlin.Any>'.
[RUN_GRADLEW] w: file:///private/var/folders/n6/wzlyq5jx3553076lwg6z9x200000gn/T/eas-build-local-nodejs/40bea17f-40ab-4bb2-93cc-069de72f6d06/build/node_modules/expo-dev-launcher/android/src/main/java/expo/modules/devlauncher/launcher/DevLauncherRecentlyOpenedAppsRegistry.kt:50:27 'fun getRawJson(): JSONObject' is deprecated. Prefer to use specific field getters.
[RUN_GRADLEW] w: file:///private/var/folders/n6/wzlyq5jx3553076lwg6z9x200000gn/T/eas-build-local-nodejs/40bea17f-40ab-4bb2-93cc-069de72f6d06/build/node_modules/expo-dev-launcher/android/src/main/java/expo/modules/devlauncher/launcher/configurators/DevLauncherExpoActivityConfigurator.kt:37:23 'constructor(p0: String!, p1: Bitmap!, p2: Int): ActivityManager.TaskDescription' is deprecated. Deprecated in Java.
[RUN_GRADLEW] w: file:///private/var/folders/n6/wzlyq5jx3553076lwg6z9x200000gn/T/eas-build-local-nodejs/40bea17f-40ab-4bb2-93cc-069de72f6d06/build/node_modules/expo-dev-launcher/android/src/main/java/expo/modules/devlauncher/launcher/configurators/DevLauncherExpoActivityConfigurator.kt:63:61 'static field FLAG_TRANSLUCENT_STATUS: Int' is deprecated. Deprecated in Java.
[RUN_GRADLEW] w: file:///private/var/folders/n6/wzlyq5jx3553076lwg6z9x200000gn/T/eas-build-local-nodejs/40bea17f-40ab-4bb2-93cc-069de72f6d06/build/node_modules/expo-dev-launcher/android/src/main/java/expo/modules/devlauncher/launcher/configurators/DevLauncherExpoActivityConfigurator.kt:92:45 'var systemUiVisibility: Int' is deprecated. Deprecated in Java.
[RUN_GRADLEW] w: file:///private/var/folders/n6/wzlyq5jx3553076lwg6z9x200000gn/T/eas-build-local-nodejs/40bea17f-40ab-4bb2-93cc-069de72f6d06/build/node_modules/expo-dev-launcher/android/src/main/java/expo/modules/devlauncher/launcher/configurators/DevLauncherExpoActivityConfigurator.kt:95:68 'static field SYSTEM_UI_FLAG_LIGHT_STATUS_BAR: Int' is deprecated. Deprecated in Java.
[RUN_GRADLEW] w: file:///private/var/folders/n6/wzlyq5jx3553076lwg6z9x200000gn/T/eas-build-local-nodejs/40bea17f-40ab-4bb2-93cc-069de72f6d06/build/node_modules/expo-dev-launcher/android/src/main/java/expo/modules/devlauncher/launcher/configurators/DevLauncherExpoActivityConfigurator.kt:99:67 'static field SYSTEM_UI_FLAG_LIGHT_STATUS_BAR: Int' is deprecated. Deprecated in Java.
[RUN_GRADLEW] w: file:///private/var/folders/n6/wzlyq5jx3553076lwg6z9x200000gn/T/eas-build-local-nodejs/40bea17f-40ab-4bb2-93cc-069de72f6d06/build/node_modules/expo-dev-launcher/android/src/main/java/expo/modules/devlauncher/launcher/configurators/DevLauncherExpoActivityConfigurator.kt:103:67 'static field SYSTEM_UI_FLAG_LIGHT_STATUS_BAR: Int' is deprecated. Deprecated in Java.
[RUN_GRADLEW] w: file:///private/var/folders/n6/wzlyq5jx3553076lwg6z9x200000gn/T/eas-build-local-nodejs/40bea17f-40ab-4bb2-93cc-069de72f6d06/build/node_modules/expo-dev-launcher/android/src/main/java/expo/modules/devlauncher/launcher/configurators/DevLauncherExpoActivityConfigurator.kt:107:15 'var systemUiVisibility: Int' is deprecated. Deprecated in Java.
[RUN_GRADLEW] w: file:///private/var/folders/n6/wzlyq5jx3553076lwg6z9x200000gn/T/eas-build-local-nodejs/40bea17f-40ab-4bb2-93cc-069de72f6d06/build/node_modules/expo-dev-launcher/android/src/main/java/expo/modules/devlauncher/launcher/configurators/DevLauncherExpoActivityConfigurator.kt:115:59 'static field FLAG_FULLSCREEN: Int' is deprecated. Deprecated in Java.
[RUN_GRADLEW] w: file:///private/var/folders/n6/wzlyq5jx3553076lwg6z9x200000gn/T/eas-build-local-nodejs/40bea17f-40ab-4bb2-93cc-069de72f6d06/build/node_modules/expo-dev-launcher/android/src/main/java/expo/modules/devlauncher/launcher/configurators/DevLauncherExpoActivityConfigurator.kt:116:61 'static field FLAG_FORCE_NOT_FULLSCREEN: Int' is deprecated. Deprecated in Java.
[RUN_GRADLEW] w: file:///private/var/folders/n6/wzlyq5jx3553076lwg6z9x200000gn/T/eas-build-local-nodejs/40bea17f-40ab-4bb2-93cc-069de72f6d06/build/node_modules/expo-dev-launcher/android/src/main/java/expo/modules/devlauncher/launcher/configurators/DevLauncherExpoActivityConfigurator.kt:118:59 'static field FLAG_FORCE_NOT_FULLSCREEN: Int' is deprecated. Deprecated in Java.
[RUN_GRADLEW] w: file:///private/var/folders/n6/wzlyq5jx3553076lwg6z9x200000gn/T/eas-build-local-nodejs/40bea17f-40ab-4bb2-93cc-069de72f6d06/build/node_modules/expo-dev-launcher/android/src/main/java/expo/modules/devlauncher/launcher/configurators/DevLauncherExpoActivityConfigurator.kt:119:61 'static field FLAG_FULLSCREEN: Int' is deprecated. Deprecated in Java.
[RUN_GRADLEW] w: file:///private/var/folders/n6/wzlyq5jx3553076lwg6z9x200000gn/T/eas-build-local-nodejs/40bea17f-40ab-4bb2-93cc-069de72f6d06/build/node_modules/expo-dev-launcher/android/src/main/java/expo/modules/devlauncher/launcher/configurators/DevLauncherExpoActivityConfigurator.kt:131:23 'fun replaceSystemWindowInsets(p0: Int, p1: Int, p2: Int, p3: Int): WindowInsets' is deprecated. Deprecated in Java.
[RUN_GRADLEW] w: file:///private/var/folders/n6/wzlyq5jx3553076lwg6z9x200000gn/T/eas-build-local-nodejs/40bea17f-40ab-4bb2-93cc-069de72f6d06/build/node_modules/expo-dev-launcher/android/src/main/java/expo/modules/devlauncher/launcher/configurators/DevLauncherExpoActivityConfigurator.kt:132:25 'val systemWindowInsetLeft: Int' is deprecated. Deprecated in Java.
[RUN_GRADLEW] w: file:///private/var/folders/n6/wzlyq5jx3553076lwg6z9x200000gn/T/eas-build-local-nodejs/40bea17f-40ab-4bb2-93cc-069de72f6d06/build/node_modules/expo-dev-launcher/android/src/main/java/expo/modules/devlauncher/launcher/configurators/DevLauncherExpoActivityConfigurator.kt:134:25 'val systemWindowInsetRight: Int' is deprecated. Deprecated in Java.
[RUN_GRADLEW] w: file:///private/var/folders/n6/wzlyq5jx3553076lwg6z9x200000gn/T/eas-build-local-nodejs/40bea17f-40ab-4bb2-93cc-069de72f6d06/build/node_modules/expo-dev-launcher/android/src/main/java/expo/modules/devlauncher/launcher/configurators/DevLauncherExpoActivityConfigurator.kt:135:25 'val systemWindowInsetBottom: Int' is deprecated. Deprecated in Java.
[RUN_GRADLEW] w: file:///private/var/folders/n6/wzlyq5jx3553076lwg6z9x200000gn/T/eas-build-local-nodejs/40bea17f-40ab-4bb2-93cc-069de72f6d06/build/node_modules/expo-dev-launcher/android/src/main/java/expo/modules/devlauncher/launcher/configurators/DevLauncherExpoActivityConfigurator.kt:150:15 'var statusBarColor: Int' is deprecated. Deprecated in Java.
[RUN_GRADLEW] w: file:///private/var/folders/n6/wzlyq5jx3553076lwg6z9x200000gn/T/eas-build-local-nodejs/40bea17f-40ab-4bb2-93cc-069de72f6d06/build/node_modules/expo-dev-launcher/android/src/main/java/expo/modules/devlauncher/launcher/configurators/DevLauncherExpoActivityConfigurator.kt:160:63 'static field FLAG_TRANSLUCENT_NAVIGATION: Int' is deprecated. Deprecated in Java.
[RUN_GRADLEW] w: file:///private/var/folders/n6/wzlyq5jx3553076lwg6z9x200000gn/T/eas-build-local-nodejs/40bea17f-40ab-4bb2-93cc-069de72f6d06/build/node_modules/expo-dev-launcher/android/src/main/java/expo/modules/devlauncher/launcher/configurators/DevLauncherExpoActivityConfigurator.kt:161:25 'var navigationBarColor: Int' is deprecated. Deprecated in Java.
[RUN_GRADLEW] w: file:///private/var/folders/n6/wzlyq5jx3553076lwg6z9x200000gn/T/eas-build-local-nodejs/40bea17f-40ab-4bb2-93cc-069de72f6d06/build/node_modules/expo-dev-launcher/android/src/main/java/expo/modules/devlauncher/launcher/configurators/DevLauncherExpoActivityConfigurator.kt:171:63 'static field FLAG_TRANSLUCENT_NAVIGATION: Int' is deprecated. Deprecated in Java.
[RUN_GRADLEW] w: file:///private/var/folders/n6/wzlyq5jx3553076lwg6z9x200000gn/T/eas-build-local-nodejs/40bea17f-40ab-4bb2-93cc-069de72f6d06/build/node_modules/expo-dev-launcher/android/src/main/java/expo/modules/devlauncher/launcher/configurators/DevLauncherExpoActivityConfigurator.kt:175:33 'var systemUiVisibility: Int' is deprecated. Deprecated in Java.
[RUN_GRADLEW] w: file:///private/var/folders/n6/wzlyq5jx3553076lwg6z9x200000gn/T/eas-build-local-nodejs/40bea17f-40ab-4bb2-93cc-069de72f6d06/build/node_modules/expo-dev-launcher/android/src/main/java/expo/modules/devlauncher/launcher/configurators/DevLauncherExpoActivityConfigurator.kt:176:33 'static field SYSTEM_UI_FLAG_LIGHT_NAVIGATION_BAR: Int' is deprecated. Deprecated in Java.
[RUN_GRADLEW] w: file:///private/var/folders/n6/wzlyq5jx3553076lwg6z9x200000gn/T/eas-build-local-nodejs/40bea17f-40ab-4bb2-93cc-069de72f6d06/build/node_modules/expo-dev-launcher/android/src/main/java/expo/modules/devlauncher/launcher/configurators/DevLauncherExpoActivityConfigurator.kt:177:21 'var systemUiVisibility: Int' is deprecated. Deprecated in Java.
[RUN_GRADLEW] w: file:///private/var/folders/n6/wzlyq5jx3553076lwg6z9x200000gn/T/eas-build-local-nodejs/40bea17f-40ab-4bb2-93cc-069de72f6d06/build/node_modules/expo-dev-launcher/android/src/main/java/expo/modules/devlauncher/launcher/configurators/DevLauncherExpoActivityConfigurator.kt:190:29 'var systemUiVisibility: Int' is deprecated. Deprecated in Java.
[RUN_GRADLEW] w: file:///private/var/folders/n6/wzlyq5jx3553076lwg6z9x200000gn/T/eas-build-local-nodejs/40bea17f-40ab-4bb2-93cc-069de72f6d06/build/node_modules/expo-dev-launcher/android/src/main/java/expo/modules/devlauncher/launcher/configurators/DevLauncherExpoActivityConfigurator.kt:191:62 'static field SYSTEM_UI_FLAG_HIDE_NAVIGATION: Int' is deprecated. Deprecated in Java.
[RUN_GRADLEW] w: file:///private/var/folders/n6/wzlyq5jx3553076lwg6z9x200000gn/T/eas-build-local-nodejs/40bea17f-40ab-4bb2-93cc-069de72f6d06/build/node_modules/expo-dev-launcher/android/src/main/java/expo/modules/devlauncher/launcher/configurators/DevLauncherExpoActivityConfigurator.kt:191:101 'static field SYSTEM_UI_FLAG_FULLSCREEN: Int' is deprecated. Deprecated in Java.
[RUN_GRADLEW] w: file:///private/var/folders/n6/wzlyq5jx3553076lwg6z9x200000gn/T/eas-build-local-nodejs/40bea17f-40ab-4bb2-93cc-069de72f6d06/build/node_modules/expo-dev-launcher/android/src/main/java/expo/modules/devlauncher/launcher/configurators/DevLauncherExpoActivityConfigurator.kt:192:63 'static field SYSTEM_UI_FLAG_HIDE_NAVIGATION: Int' is deprecated. Deprecated in Java.
[RUN_GRADLEW] w: file:///private/var/folders/n6/wzlyq5jx3553076lwg6z9x200000gn/T/eas-build-local-nodejs/40bea17f-40ab-4bb2-93cc-069de72f6d06/build/node_modules/expo-dev-launcher/android/src/main/java/expo/modules/devlauncher/launcher/configurators/DevLauncherExpoActivityConfigurator.kt:192:102 'static field SYSTEM_UI_FLAG_FULLSCREEN: Int' is deprecated. Deprecated in Java.
[RUN_GRADLEW] w: file:///private/var/folders/n6/wzlyq5jx3553076lwg6z9x200000gn/T/eas-build-local-nodejs/40bea17f-40ab-4bb2-93cc-069de72f6d06/build/node_modules/expo-dev-launcher/android/src/main/java/expo/modules/devlauncher/launcher/configurators/DevLauncherExpoActivityConfigurator.kt:192:136 'static field SYSTEM_UI_FLAG_IMMERSIVE: Int' is deprecated. Deprecated in Java.
[RUN_GRADLEW] w: file:///private/var/folders/n6/wzlyq5jx3553076lwg6z9x200000gn/T/eas-build-local-nodejs/40bea17f-40ab-4bb2-93cc-069de72f6d06/build/node_modules/expo-dev-launcher/android/src/main/java/expo/modules/devlauncher/launcher/configurators/DevLauncherExpoActivityConfigurator.kt:193:70 'static field SYSTEM_UI_FLAG_HIDE_NAVIGATION: Int' is deprecated. Deprecated in Java.
[RUN_GRADLEW] w: file:///private/var/folders/n6/wzlyq5jx3553076lwg6z9x200000gn/T/eas-build-local-nodejs/40bea17f-40ab-4bb2-93cc-069de72f6d06/build/node_modules/expo-dev-launcher/android/src/main/java/expo/modules/devlauncher/launcher/configurators/DevLauncherExpoActivityConfigurator.kt:193:109 'static field SYSTEM_UI_FLAG_FULLSCREEN: Int' is deprecated. Deprecated in Java.
[RUN_GRADLEW] w: file:///private/var/folders/n6/wzlyq5jx3553076lwg6z9x200000gn/T/eas-build-local-nodejs/40bea17f-40ab-4bb2-93cc-069de72f6d06/build/node_modules/expo-dev-launcher/android/src/main/java/expo/modules/devlauncher/launcher/configurators/DevLauncherExpoActivityConfigurator.kt:193:143 'static field SYSTEM_UI_FLAG_IMMERSIVE_STICKY: Int' is deprecated. Deprecated in Java.
[RUN_GRADLEW] w: file:///private/var/folders/n6/wzlyq5jx3553076lwg6z9x200000gn/T/eas-build-local-nodejs/40bea17f-40ab-4bb2-93cc-069de72f6d06/build/node_modules/expo-dev-launcher/android/src/main/java/expo/modules/devlauncher/launcher/configurators/DevLauncherExpoActivityConfigurator.kt:196:17 'var systemUiVisibility: Int' is deprecated. Deprecated in Java.
[RUN_GRADLEW] > Task :react-native-worklets-core:configureCMakeRelWithDebInfo[armeabi-v7a]
[RUN_GRADLEW] > Task :expo-dev-launcher:compileReleaseJavaWithJavac
[RUN_GRADLEW] > Task :expo-dev-launcher:processReleaseJavaRes
[RUN_GRADLEW] > Task :expo-dev-launcher:bundleLibRuntimeToJarRelease
[RUN_GRADLEW] > Task :expo-dev-launcher:bundleLibCompileToJarRelease
[RUN_GRADLEW] > Task :expo-dev-launcher:bundleLibRuntimeToDirRelease
[RUN_GRADLEW] > Task :react-native-worklets-core:configureCMakeRelWithDebInfo[x86]
[RUN_GRADLEW] > Task :expo:compileReleaseKotlin
[RUN_GRADLEW] w: file:///private/var/folders/n6/wzlyq5jx3553076lwg6z9x200000gn/T/eas-build-local-nodejs/40bea17f-40ab-4bb2-93cc-069de72f6d06/build/node_modules/expo/android/src/main/java/expo/modules/fetch/ExpoFetchModule.kt:30:39 'constructor(reactContext: ReactContext): ForwardingCookieHandler' is deprecated. Use the default constructor.
[RUN_GRADLEW] w: file:///private/var/folders/n6/wzlyq5jx3553076lwg6z9x200000gn/T/eas-build-local-nodejs/40bea17f-40ab-4bb2-93cc-069de72f6d06/build/node_modules/expo/android/src/main/java/expo/modules/fetch/NativeResponse.kt:41:16 This declaration overrides a deprecated member but is not marked as deprecated itself. Please add the '@Deprecated' annotation or suppress the diagnostic.
[RUN_GRADLEW] w: file:///private/var/folders/n6/wzlyq5jx3553076lwg6z9x200000gn/T/eas-build-local-nodejs/40bea17f-40ab-4bb2-93cc-069de72f6d06/build/node_modules/expo/android/src/main/java/expo/modules/fetch/NativeResponse.kt:43:11 'fun deallocate(): Unit' is deprecated. Use sharedObjectDidRelease() instead.
[RUN_GRADLEW] > Task :react-native-worklets-core:configureCMakeRelWithDebInfo[x86_64]
[RUN_GRADLEW] > Task :expo:compileReleaseJavaWithJavac
[RUN_GRADLEW] > Task :expo:processReleaseJavaRes
[RUN_GRADLEW] > Task :react-native-worklets-core:generateJsonModelRelease
[RUN_GRADLEW] > Task :expo:bundleLibRuntimeToJarRelease
[RUN_GRADLEW] > Task :expo:bundleLibCompileToJarRelease
[RUN_GRADLEW] > Task :react-native-worklets-core:prefabReleaseConfigurePackage
[RUN_GRADLEW] > Task :expo:bundleLibRuntimeToDirRelease
[RUN_GRADLEW] > Task :app:compileReleaseKotlin
[RUN_GRADLEW] > Task :react-native-vision-camera:configureCMakeRelWithDebInfo[arm64-v8a]
[RUN_GRADLEW] C/C++: VisionCamera: Frame Processors: ON!
[RUN_GRADLEW] C/C++: VisionCamera: Linking react-native-worklets...
[RUN_GRADLEW] > Task :app:compileReleaseJavaWithJavac
[RUN_GRADLEW] > Task :app:dexBuilderRelease
[RUN_GRADLEW] > Task :app:processReleaseJavaRes
[RUN_GRADLEW] > Task :app:mergeReleaseGlobalSynthetics
[RUN_GRADLEW] > Task :react-native-vision-camera:configureCMakeRelWithDebInfo[armeabi-v7a]
[RUN_GRADLEW] C/C++: VisionCamera: Frame Processors: ON!
[RUN_GRADLEW] C/C++: VisionCamera: Linking react-native-worklets...
[RUN_GRADLEW] > Task :app:mergeReleaseJavaResource
[RUN_GRADLEW] > Task :react-native-vision-camera:configureCMakeRelWithDebInfo[x86]
[RUN_GRADLEW] C/C++: VisionCamera: Frame Processors: ON!
[RUN_GRADLEW] C/C++: VisionCamera: Linking react-native-worklets...
[RUN_GRADLEW] > Task :react-native-vision-camera:configureCMakeRelWithDebInfo[x86_64]
[RUN_GRADLEW] C/C++: VisionCamera: Frame Processors: ON!
[RUN_GRADLEW] C/C++: VisionCamera: Linking react-native-worklets...
[RUN_GRADLEW] > Task :react-native-vision-camera:generateJsonModelRelease
[RUN_GRADLEW] > Task :react-native-vision-camera:prefabReleaseConfigurePackage
[RUN_GRADLEW] > Task :app:mergeDexRelease
[RUN_GRADLEW] > Task :app:configureCMakeRelWithDebInfo[arm64-v8a]
[RUN_GRADLEW] > Task :react-native-reanimated:buildCMakeRelWithDebInfo[arm64-v8a][reanimated,worklets]
[RUN_GRADLEW] > Task :react-native-reanimated:buildCMakeRelWithDebInfo[armeabi-v7a][reanimated,worklets]
[RUN_GRADLEW] > Task :react-native-reanimated:buildCMakeRelWithDebInfo[x86][reanimated,worklets]
[RUN_GRADLEW] > Task :react-native-reanimated:buildCMakeRelWithDebInfo[x86_64][reanimated,worklets]
[RUN_GRADLEW] > Task :react-native-reanimated:externalNativeBuildRelease
[RUN_GRADLEW] > Task :react-native-reanimated:prefabReleasePackage
[RUN_GRADLEW] > Task :react-native-worklets-core:buildCMakeRelWithDebInfo[arm64-v8a]
[RUN_GRADLEW] C/C++: ninja: Entering directory `/private/var/folders/n6/wzlyq5jx3553076lwg6z9x200000gn/T/eas-build-local-nodejs/40bea17f-40ab-4bb2-93cc-069de72f6d06/build/node_modules/react-native-worklets-core/android/.cxx/RelWithDebInfo/253h5j3v/arm64-v8a'
[RUN_GRADLEW] C/C++: In file included from /private/var/folders/n6/wzlyq5jx3553076lwg6z9x200000gn/T/eas-build-local-nodejs/40bea17f-40ab-4bb2-93cc-069de72f6d06/build/node_modules/react-native-worklets-core/android/cpp-adapter.cpp:6:
[RUN_GRADLEW] C/C++: In file included from /private/var/folders/n6/wzlyq5jx3553076lwg6z9x200000gn/T/eas-build-local-nodejs/40bea17f-40ab-4bb2-93cc-069de72f6d06/build/node_modules/react-native-worklets-core/android/../cpp/WKTJsiWorkletApi.h:14:
[RUN_GRADLEW] C/C++: In file included from /private/var/folders/n6/wzlyq5jx3553076lwg6z9x200000gn/T/eas-build-local-nodejs/40bea17f-40ab-4bb2-93cc-069de72f6d06/build/node_modules/react-native-worklets-core/android/../cpp/sharedvalues/WKTJsiSharedValue.h:8:
[RUN_GRADLEW] C/C++: /private/var/folders/n6/wzlyq5jx3553076lwg6z9x200000gn/T/eas-build-local-nodejs/40bea17f-40ab-4bb2-93cc-069de72f6d06/build/node_modules/react-native-worklets-core/android/../cpp/WKTJsiDispatcher.h:97:22: warning: exception of type 'const std::runtime_error &' will be caught by earlier handler [-Wexceptions]
[RUN_GRADLEW] C/C++:    97 |       } catch (const std::runtime_error &err) {
[RUN_GRADLEW] C/C++:       |                      ^
[RUN_GRADLEW] C/C++: /private/var/folders/n6/wzlyq5jx3553076lwg6z9x200000gn/T/eas-build-local-nodejs/40bea17f-40ab-4bb2-93cc-069de72f6d06/build/node_modules/react-native-worklets-core/android/../cpp/WKTJsiDispatcher.h:94:22: note: for type 'const std::exception &'
[RUN_GRADLEW] C/C++:    94 |       } catch (const std::exception &err) {
[RUN_GRADLEW] C/C++:       |                      ^
[RUN_GRADLEW] C/C++: 1 warning generated.
[RUN_GRADLEW] C/C++: In file included from /private/var/folders/n6/wzlyq5jx3553076lwg6z9x200000gn/T/eas-build-local-nodejs/40bea17f-40ab-4bb2-93cc-069de72f6d06/build/node_modules/react-native-worklets-core/cpp/WKTJsiWorkletApi.cpp:1:
[RUN_GRADLEW] C/C++: In file included from /private/var/folders/n6/wzlyq5jx3553076lwg6z9x200000gn/T/eas-build-local-nodejs/40bea17f-40ab-4bb2-93cc-069de72f6d06/build/node_modules/react-native-worklets-core/cpp/WKTJsiWorkletApi.h:14:
[RUN_GRADLEW] C/C++: In file included from /private/var/folders/n6/wzlyq5jx3553076lwg6z9x200000gn/T/eas-build-local-nodejs/40bea17f-40ab-4bb2-93cc-069de72f6d06/build/node_modules/react-native-worklets-core/android/../cpp/sharedvalues/WKTJsiSharedValue.h:8:
[RUN_GRADLEW] C/C++: /private/var/folders/n6/wzlyq5jx3553076lwg6z9x200000gn/T/eas-build-local-nodejs/40bea17f-40ab-4bb2-93cc-069de72f6d06/build/node_modules/react-native-worklets-core/android/../cpp/WKTJsiDispatcher.h:97:22: warning: exception of type 'const std::runtime_error &' will be caught by earlier handler [-Wexceptions]
[RUN_GRADLEW] C/C++:    97 |       } catch (const std::runtime_error &err) {
[RUN_GRADLEW] C/C++:       |                      ^
[RUN_GRADLEW] C/C++: /private/var/folders/n6/wzlyq5jx3553076lwg6z9x200000gn/T/eas-build-local-nodejs/40bea17f-40ab-4bb2-93cc-069de72f6d06/build/node_modules/react-native-worklets-core/android/../cpp/WKTJsiDispatcher.h:94:22: note: for type 'const std::exception &'
[RUN_GRADLEW] C/C++:    94 |       } catch (const std::exception &err) {
[RUN_GRADLEW] C/C++:       |                      ^
[RUN_GRADLEW] C/C++: 1 warning generated.
[RUN_GRADLEW] C/C++: In file included from /private/var/folders/n6/wzlyq5jx3553076lwg6z9x200000gn/T/eas-build-local-nodejs/40bea17f-40ab-4bb2-93cc-069de72f6d06/build/node_modules/react-native-worklets-core/cpp/WKTJsiWorkletContext.cpp:3:
[RUN_GRADLEW] C/C++: In file included from /private/var/folders/n6/wzlyq5jx3553076lwg6z9x200000gn/T/eas-build-local-nodejs/40bea17f-40ab-4bb2-93cc-069de72f6d06/build/node_modules/react-native-worklets-core/cpp/WKTJsiWorkletApi.h:14:
[RUN_GRADLEW] C/C++: In file included from /private/var/folders/n6/wzlyq5jx3553076lwg6z9x200000gn/T/eas-build-local-nodejs/40bea17f-40ab-4bb2-93cc-069de72f6d06/build/node_modules/react-native-worklets-core/android/../cpp/sharedvalues/WKTJsiSharedValue.h:8:
[RUN_GRADLEW] C/C++: /private/var/folders/n6/wzlyq5jx3553076lwg6z9x200000gn/T/eas-build-local-nodejs/40bea17f-40ab-4bb2-93cc-069de72f6d06/build/node_modules/react-native-worklets-core/android/../cpp/WKTJsiDispatcher.h:97:22: warning: exception of type 'const std::runtime_error &' will be caught by earlier handler [-Wexceptions]
[RUN_GRADLEW] C/C++:    97 |       } catch (const std::runtime_error &err) {
[RUN_GRADLEW] C/C++:       |                      ^
[RUN_GRADLEW] C/C++: /private/var/folders/n6/wzlyq5jx3553076lwg6z9x200000gn/T/eas-build-local-nodejs/40bea17f-40ab-4bb2-93cc-069de72f6d06/build/node_modules/react-native-worklets-core/android/../cpp/WKTJsiDispatcher.h:94:22: note: for type 'const std::exception &'
[RUN_GRADLEW] C/C++:    94 |       } catch (const std::exception &err) {
[RUN_GRADLEW] C/C++:       |                      ^
[RUN_GRADLEW] C/C++: 1 warning generated.
[RUN_GRADLEW] > Task :react-native-worklets-core:buildCMakeRelWithDebInfo[armeabi-v7a]
[RUN_GRADLEW] C/C++: ninja: Entering directory `/private/var/folders/n6/wzlyq5jx3553076lwg6z9x200000gn/T/eas-build-local-nodejs/40bea17f-40ab-4bb2-93cc-069de72f6d06/build/node_modules/react-native-worklets-core/android/.cxx/RelWithDebInfo/253h5j3v/armeabi-v7a'
[RUN_GRADLEW] C/C++: In file included from /private/var/folders/n6/wzlyq5jx3553076lwg6z9x200000gn/T/eas-build-local-nodejs/40bea17f-40ab-4bb2-93cc-069de72f6d06/build/node_modules/react-native-worklets-core/android/cpp-adapter.cpp:6:
[RUN_GRADLEW] C/C++: In file included from /private/var/folders/n6/wzlyq5jx3553076lwg6z9x200000gn/T/eas-build-local-nodejs/40bea17f-40ab-4bb2-93cc-069de72f6d06/build/node_modules/react-native-worklets-core/android/../cpp/WKTJsiWorkletApi.h:14:
[RUN_GRADLEW] C/C++: In file included from /private/var/folders/n6/wzlyq5jx3553076lwg6z9x200000gn/T/eas-build-local-nodejs/40bea17f-40ab-4bb2-93cc-069de72f6d06/build/node_modules/react-native-worklets-core/android/../cpp/sharedvalues/WKTJsiSharedValue.h:8:
[RUN_GRADLEW] C/C++: /private/var/folders/n6/wzlyq5jx3553076lwg6z9x200000gn/T/eas-build-local-nodejs/40bea17f-40ab-4bb2-93cc-069de72f6d06/build/node_modules/react-native-worklets-core/android/../cpp/WKTJsiDispatcher.h:97:22: warning: exception of type 'const std::runtime_error &' will be caught by earlier handler [-Wexceptions]
[RUN_GRADLEW] C/C++:    97 |       } catch (const std::runtime_error &err) {
[RUN_GRADLEW] C/C++:       |                      ^
[RUN_GRADLEW] C/C++: /private/var/folders/n6/wzlyq5jx3553076lwg6z9x200000gn/T/eas-build-local-nodejs/40bea17f-40ab-4bb2-93cc-069de72f6d06/build/node_modules/react-native-worklets-core/android/../cpp/WKTJsiDispatcher.h:94:22: note: for type 'const std::exception &'
[RUN_GRADLEW] C/C++:    94 |       } catch (const std::exception &err) {
[RUN_GRADLEW] C/C++:       |                      ^
[RUN_GRADLEW] C/C++: 1 warning generated.
[RUN_GRADLEW] C/C++: In file included from /private/var/folders/n6/wzlyq5jx3553076lwg6z9x200000gn/T/eas-build-local-nodejs/40bea17f-40ab-4bb2-93cc-069de72f6d06/build/node_modules/react-native-worklets-core/cpp/WKTJsiWorkletApi.cpp:1:
[RUN_GRADLEW] C/C++: In file included from /private/var/folders/n6/wzlyq5jx3553076lwg6z9x200000gn/T/eas-build-local-nodejs/40bea17f-40ab-4bb2-93cc-069de72f6d06/build/node_modules/react-native-worklets-core/cpp/WKTJsiWorkletApi.h:14:
[RUN_GRADLEW] C/C++: In file included from /private/var/folders/n6/wzlyq5jx3553076lwg6z9x200000gn/T/eas-build-local-nodejs/40bea17f-40ab-4bb2-93cc-069de72f6d06/build/node_modules/react-native-worklets-core/android/../cpp/sharedvalues/WKTJsiSharedValue.h:8:
[RUN_GRADLEW] C/C++: /private/var/folders/n6/wzlyq5jx3553076lwg6z9x200000gn/T/eas-build-local-nodejs/40bea17f-40ab-4bb2-93cc-069de72f6d06/build/node_modules/react-native-worklets-core/android/../cpp/WKTJsiDispatcher.h:97:22: warning: exception of type 'const std::runtime_error &' will be caught by earlier handler [-Wexceptions]
[RUN_GRADLEW] C/C++:    97 |       } catch (const std::runtime_error &err) {
[RUN_GRADLEW] C/C++:       |                      ^
[RUN_GRADLEW] C/C++: /private/var/folders/n6/wzlyq5jx3553076lwg6z9x200000gn/T/eas-build-local-nodejs/40bea17f-40ab-4bb2-93cc-069de72f6d06/build/node_modules/react-native-worklets-core/android/../cpp/WKTJsiDispatcher.h:94:22: note: for type 'const std::exception &'
[RUN_GRADLEW] C/C++:    94 |       } catch (const std::exception &err) {
[RUN_GRADLEW] C/C++:       |                      ^
[RUN_GRADLEW] C/C++: 1 warning generated.
[RUN_GRADLEW] C/C++: In file included from /private/var/folders/n6/wzlyq5jx3553076lwg6z9x200000gn/T/eas-build-local-nodejs/40bea17f-40ab-4bb2-93cc-069de72f6d06/build/node_modules/react-native-worklets-core/cpp/WKTJsiWorkletContext.cpp:3:
[RUN_GRADLEW] C/C++: In file included from /private/var/folders/n6/wzlyq5jx3553076lwg6z9x200000gn/T/eas-build-local-nodejs/40bea17f-40ab-4bb2-93cc-069de72f6d06/build/node_modules/react-native-worklets-core/cpp/WKTJsiWorkletApi.h:14:
[RUN_GRADLEW] C/C++: In file included from /private/var/folders/n6/wzlyq5jx3553076lwg6z9x200000gn/T/eas-build-local-nodejs/40bea17f-40ab-4bb2-93cc-069de72f6d06/build/node_modules/react-native-worklets-core/android/../cpp/sharedvalues/WKTJsiSharedValue.h:8:
[RUN_GRADLEW] C/C++: /private/var/folders/n6/wzlyq5jx3553076lwg6z9x200000gn/T/eas-build-local-nodejs/40bea17f-40ab-4bb2-93cc-069de72f6d06/build/node_modules/react-native-worklets-core/android/../cpp/WKTJsiDispatcher.h:97:22: warning: exception of type 'const std::runtime_error &' will be caught by earlier handler [-Wexceptions]
[RUN_GRADLEW] C/C++:    97 |       } catch (const std::runtime_error &err) {
[RUN_GRADLEW] C/C++:       |                      ^
[RUN_GRADLEW] C/C++: /private/var/folders/n6/wzlyq5jx3553076lwg6z9x200000gn/T/eas-build-local-nodejs/40bea17f-40ab-4bb2-93cc-069de72f6d06/build/node_modules/react-native-worklets-core/android/../cpp/WKTJsiDispatcher.h:94:22: note: for type 'const std::exception &'
[RUN_GRADLEW] C/C++:    94 |       } catch (const std::exception &err) {
[RUN_GRADLEW] C/C++:       |                      ^
[RUN_GRADLEW] C/C++: In file included from /private/var/folders/n6/wzlyq5jx3553076lwg6z9x200000gn/T/eas-build-local-nodejs/40bea17f-40ab-4bb2-93cc-069de72f6d06/build/node_modules/react-native-worklets-core/cpp/WKTJsiWorkletContext.cpp:15:
[RUN_GRADLEW] C/C++: /private/var/folders/n6/wzlyq5jx3553076lwg6z9x200000gn/T/eas-build-local-nodejs/40bea17f-40ab-4bb2-93cc-069de72f6d06/build/node_modules/react-native-worklets-core/android/../cpp/decorators/WKTJsiSetImmediateDecorator.h:85:53: warning: format specifies type 'unsigned long' but the argument has type 'size_t' (aka 'unsigned int') [-Wformat]
[RUN_GRADLEW] C/C++:    85 |                   printf("ctx %lu: setImmediate\n", context->getContextId());
[RUN_GRADLEW] C/C++:       |                               ~~~                   ^~~~~~~~~~~~~~~~~~~~~~~
[RUN_GRADLEW] C/C++:       |                               %zu
[RUN_GRADLEW] C/C++: 2 warnings generated.
[RUN_GRADLEW] > Task :react-native-worklets-core:buildCMakeRelWithDebInfo[x86]
[RUN_GRADLEW] C/C++: ninja: Entering directory `/private/var/folders/n6/wzlyq5jx3553076lwg6z9x200000gn/T/eas-build-local-nodejs/40bea17f-40ab-4bb2-93cc-069de72f6d06/build/node_modules/react-native-worklets-core/android/.cxx/RelWithDebInfo/253h5j3v/x86'
[RUN_GRADLEW] C/C++: In file included from /private/var/folders/n6/wzlyq5jx3553076lwg6z9x200000gn/T/eas-build-local-nodejs/40bea17f-40ab-4bb2-93cc-069de72f6d06/build/node_modules/react-native-worklets-core/android/cpp-adapter.cpp:6:
[RUN_GRADLEW] C/C++: In file included from /private/var/folders/n6/wzlyq5jx3553076lwg6z9x200000gn/T/eas-build-local-nodejs/40bea17f-40ab-4bb2-93cc-069de72f6d06/build/node_modules/react-native-worklets-core/android/../cpp/WKTJsiWorkletApi.h:14:
[RUN_GRADLEW] C/C++: In file included from /private/var/folders/n6/wzlyq5jx3553076lwg6z9x200000gn/T/eas-build-local-nodejs/40bea17f-40ab-4bb2-93cc-069de72f6d06/build/node_modules/react-native-worklets-core/android/../cpp/sharedvalues/WKTJsiSharedValue.h:8:
[RUN_GRADLEW] C/C++: /private/var/folders/n6/wzlyq5jx3553076lwg6z9x200000gn/T/eas-build-local-nodejs/40bea17f-40ab-4bb2-93cc-069de72f6d06/build/node_modules/react-native-worklets-core/android/../cpp/WKTJsiDispatcher.h:97:22: warning: exception of type 'const std::runtime_error &' will be caught by earlier handler [-Wexceptions]
[RUN_GRADLEW] C/C++:    97 |       } catch (const std::runtime_error &err) {
[RUN_GRADLEW] C/C++:       |                      ^
[RUN_GRADLEW] C/C++: /private/var/folders/n6/wzlyq5jx3553076lwg6z9x200000gn/T/eas-build-local-nodejs/40bea17f-40ab-4bb2-93cc-069de72f6d06/build/node_modules/react-native-worklets-core/android/../cpp/WKTJsiDispatcher.h:94:22: note: for type 'const std::exception &'
[RUN_GRADLEW] C/C++:    94 |       } catch (const std::exception &err) {
[RUN_GRADLEW] C/C++:       |                      ^
[RUN_GRADLEW] C/C++: 1 warning generated.
[RUN_GRADLEW] C/C++: In file included from /private/var/folders/n6/wzlyq5jx3553076lwg6z9x200000gn/T/eas-build-local-nodejs/40bea17f-40ab-4bb2-93cc-069de72f6d06/build/node_modules/react-native-worklets-core/cpp/WKTJsiWorkletApi.cpp:1:
[RUN_GRADLEW] C/C++: In file included from /private/var/folders/n6/wzlyq5jx3553076lwg6z9x200000gn/T/eas-build-local-nodejs/40bea17f-40ab-4bb2-93cc-069de72f6d06/build/node_modules/react-native-worklets-core/cpp/WKTJsiWorkletApi.h:14:
[RUN_GRADLEW] C/C++: In file included from /private/var/folders/n6/wzlyq5jx3553076lwg6z9x200000gn/T/eas-build-local-nodejs/40bea17f-40ab-4bb2-93cc-069de72f6d06/build/node_modules/react-native-worklets-core/android/../cpp/sharedvalues/WKTJsiSharedValue.h:8:
[RUN_GRADLEW] C/C++: /private/var/folders/n6/wzlyq5jx3553076lwg6z9x200000gn/T/eas-build-local-nodejs/40bea17f-40ab-4bb2-93cc-069de72f6d06/build/node_modules/react-native-worklets-core/android/../cpp/WKTJsiDispatcher.h:97:22: warning: exception of type 'const std::runtime_error &' will be caught by earlier handler [-Wexceptions]
[RUN_GRADLEW] C/C++:    97 |       } catch (const std::runtime_error &err) {
[RUN_GRADLEW] C/C++:       |                      ^
[RUN_GRADLEW] C/C++: /private/var/folders/n6/wzlyq5jx3553076lwg6z9x200000gn/T/eas-build-local-nodejs/40bea17f-40ab-4bb2-93cc-069de72f6d06/build/node_modules/react-native-worklets-core/android/../cpp/WKTJsiDispatcher.h:94:22: note: for type 'const std::exception &'
[RUN_GRADLEW] C/C++:    94 |       } catch (const std::exception &err) {
[RUN_GRADLEW] C/C++:       |                      ^
[RUN_GRADLEW] C/C++: 1 warning generated.
[RUN_GRADLEW] C/C++: In file included from /private/var/folders/n6/wzlyq5jx3553076lwg6z9x200000gn/T/eas-build-local-nodejs/40bea17f-40ab-4bb2-93cc-069de72f6d06/build/node_modules/react-native-worklets-core/cpp/WKTJsiWorkletContext.cpp:3:
[RUN_GRADLEW] C/C++: In file included from /private/var/folders/n6/wzlyq5jx3553076lwg6z9x200000gn/T/eas-build-local-nodejs/40bea17f-40ab-4bb2-93cc-069de72f6d06/build/node_modules/react-native-worklets-core/cpp/WKTJsiWorkletApi.h:14:
[RUN_GRADLEW] C/C++: In file included from /private/var/folders/n6/wzlyq5jx3553076lwg6z9x200000gn/T/eas-build-local-nodejs/40bea17f-40ab-4bb2-93cc-069de72f6d06/build/node_modules/react-native-worklets-core/android/../cpp/sharedvalues/WKTJsiSharedValue.h:8:
[RUN_GRADLEW] C/C++: /private/var/folders/n6/wzlyq5jx3553076lwg6z9x200000gn/T/eas-build-local-nodejs/40bea17f-40ab-4bb2-93cc-069de72f6d06/build/node_modules/react-native-worklets-core/android/../cpp/WKTJsiDispatcher.h:97:22: warning: exception of type 'const std::runtime_error &' will be caught by earlier handler [-Wexceptions]
[RUN_GRADLEW] C/C++:    97 |       } catch (const std::runtime_error &err) {
[RUN_GRADLEW] C/C++:       |                      ^
[RUN_GRADLEW] C/C++: /private/var/folders/n6/wzlyq5jx3553076lwg6z9x200000gn/T/eas-build-local-nodejs/40bea17f-40ab-4bb2-93cc-069de72f6d06/build/node_modules/react-native-worklets-core/android/../cpp/WKTJsiDispatcher.h:94:22: note: for type 'const std::exception &'
[RUN_GRADLEW] C/C++:    94 |       } catch (const std::exception &err) {
[RUN_GRADLEW] C/C++:       |                      ^
[RUN_GRADLEW] C/C++: In file included from /private/var/folders/n6/wzlyq5jx3553076lwg6z9x200000gn/T/eas-build-local-nodejs/40bea17f-40ab-4bb2-93cc-069de72f6d06/build/node_modules/react-native-worklets-core/cpp/WKTJsiWorkletContext.cpp:15:
[RUN_GRADLEW] C/C++: /private/var/folders/n6/wzlyq5jx3553076lwg6z9x200000gn/T/eas-build-local-nodejs/40bea17f-40ab-4bb2-93cc-069de72f6d06/build/node_modules/react-native-worklets-core/android/../cpp/decorators/WKTJsiSetImmediateDecorator.h:85:53: warning: format specifies type 'unsigned long' but the argument has type 'size_t' (aka 'unsigned int') [-Wformat]
[RUN_GRADLEW] C/C++:    85 |                   printf("ctx %lu: setImmediate\n", context->getContextId());
[RUN_GRADLEW] C/C++:       |                               ~~~                   ^~~~~~~~~~~~~~~~~~~~~~~
[RUN_GRADLEW] C/C++:       |                               %zu
[RUN_GRADLEW] C/C++: 2 warnings generated.
[RUN_GRADLEW] > Task :react-native-worklets-core:buildCMakeRelWithDebInfo[x86_64]
[RUN_GRADLEW] C/C++: ninja: Entering directory `/private/var/folders/n6/wzlyq5jx3553076lwg6z9x200000gn/T/eas-build-local-nodejs/40bea17f-40ab-4bb2-93cc-069de72f6d06/build/node_modules/react-native-worklets-core/android/.cxx/RelWithDebInfo/253h5j3v/x86_64'
[RUN_GRADLEW] C/C++: In file included from /private/var/folders/n6/wzlyq5jx3553076lwg6z9x200000gn/T/eas-build-local-nodejs/40bea17f-40ab-4bb2-93cc-069de72f6d06/build/node_modules/react-native-worklets-core/android/cpp-adapter.cpp:6:
[RUN_GRADLEW] C/C++: In file included from /private/var/folders/n6/wzlyq5jx3553076lwg6z9x200000gn/T/eas-build-local-nodejs/40bea17f-40ab-4bb2-93cc-069de72f6d06/build/node_modules/react-native-worklets-core/android/../cpp/WKTJsiWorkletApi.h:14:
[RUN_GRADLEW] C/C++: In file included from /private/var/folders/n6/wzlyq5jx3553076lwg6z9x200000gn/T/eas-build-local-nodejs/40bea17f-40ab-4bb2-93cc-069de72f6d06/build/node_modules/react-native-worklets-core/android/../cpp/sharedvalues/WKTJsiSharedValue.h:8:
[RUN_GRADLEW] C/C++: /private/var/folders/n6/wzlyq5jx3553076lwg6z9x200000gn/T/eas-build-local-nodejs/40bea17f-40ab-4bb2-93cc-069de72f6d06/build/node_modules/react-native-worklets-core/android/../cpp/WKTJsiDispatcher.h:97:22: warning: exception of type 'const std::runtime_error &' will be caught by earlier handler [-Wexceptions]
[RUN_GRADLEW] C/C++:    97 |       } catch (const std::runtime_error &err) {
[RUN_GRADLEW] C/C++:       |                      ^
[RUN_GRADLEW] C/C++: /private/var/folders/n6/wzlyq5jx3553076lwg6z9x200000gn/T/eas-build-local-nodejs/40bea17f-40ab-4bb2-93cc-069de72f6d06/build/node_modules/react-native-worklets-core/android/../cpp/WKTJsiDispatcher.h:94:22: note: for type 'const std::exception &'
[RUN_GRADLEW] C/C++:    94 |       } catch (const std::exception &err) {
[RUN_GRADLEW] C/C++:       |                      ^
[RUN_GRADLEW] C/C++: 1 warning generated.
[RUN_GRADLEW] C/C++: In file included from /private/var/folders/n6/wzlyq5jx3553076lwg6z9x200000gn/T/eas-build-local-nodejs/40bea17f-40ab-4bb2-93cc-069de72f6d06/build/node_modules/react-native-worklets-core/cpp/WKTJsiWorkletApi.cpp:1:
[RUN_GRADLEW] C/C++: In file included from /private/var/folders/n6/wzlyq5jx3553076lwg6z9x200000gn/T/eas-build-local-nodejs/40bea17f-40ab-4bb2-93cc-069de72f6d06/build/node_modules/react-native-worklets-core/cpp/WKTJsiWorkletApi.h:14:
[RUN_GRADLEW] C/C++: In file included from /private/var/folders/n6/wzlyq5jx3553076lwg6z9x200000gn/T/eas-build-local-nodejs/40bea17f-40ab-4bb2-93cc-069de72f6d06/build/node_modules/react-native-worklets-core/android/../cpp/sharedvalues/WKTJsiSharedValue.h:8:
[RUN_GRADLEW] C/C++: /private/var/folders/n6/wzlyq5jx3553076lwg6z9x200000gn/T/eas-build-local-nodejs/40bea17f-40ab-4bb2-93cc-069de72f6d06/build/node_modules/react-native-worklets-core/android/../cpp/WKTJsiDispatcher.h:97:22: warning: exception of type 'const std::runtime_error &' will be caught by earlier handler [-Wexceptions]
[RUN_GRADLEW] C/C++:    97 |       } catch (const std::runtime_error &err) {
[RUN_GRADLEW] C/C++:       |                      ^
[RUN_GRADLEW] C/C++: /private/var/folders/n6/wzlyq5jx3553076lwg6z9x200000gn/T/eas-build-local-nodejs/40bea17f-40ab-4bb2-93cc-069de72f6d06/build/node_modules/react-native-worklets-core/android/../cpp/WKTJsiDispatcher.h:94:22: note: for type 'const std::exception &'
[RUN_GRADLEW] C/C++:    94 |       } catch (const std::exception &err) {
[RUN_GRADLEW] C/C++:       |                      ^
[RUN_GRADLEW] C/C++: 1 warning generated.
[RUN_GRADLEW] C/C++: In file included from /private/var/folders/n6/wzlyq5jx3553076lwg6z9x200000gn/T/eas-build-local-nodejs/40bea17f-40ab-4bb2-93cc-069de72f6d06/build/node_modules/react-native-worklets-core/cpp/WKTJsiWorkletContext.cpp:3:
[RUN_GRADLEW] C/C++: In file included from /private/var/folders/n6/wzlyq5jx3553076lwg6z9x200000gn/T/eas-build-local-nodejs/40bea17f-40ab-4bb2-93cc-069de72f6d06/build/node_modules/react-native-worklets-core/cpp/WKTJsiWorkletApi.h:14:
[RUN_GRADLEW] C/C++: In file included from /private/var/folders/n6/wzlyq5jx3553076lwg6z9x200000gn/T/eas-build-local-nodejs/40bea17f-40ab-4bb2-93cc-069de72f6d06/build/node_modules/react-native-worklets-core/android/../cpp/sharedvalues/WKTJsiSharedValue.h:8:
[RUN_GRADLEW] C/C++: /private/var/folders/n6/wzlyq5jx3553076lwg6z9x200000gn/T/eas-build-local-nodejs/40bea17f-40ab-4bb2-93cc-069de72f6d06/build/node_modules/react-native-worklets-core/android/../cpp/WKTJsiDispatcher.h:97:22: warning: exception of type 'const std::runtime_error &' will be caught by earlier handler [-Wexceptions]
[RUN_GRADLEW] C/C++:    97 |       } catch (const std::runtime_error &err) {
[RUN_GRADLEW] C/C++:       |                      ^
[RUN_GRADLEW] C/C++: /private/var/folders/n6/wzlyq5jx3553076lwg6z9x200000gn/T/eas-build-local-nodejs/40bea17f-40ab-4bb2-93cc-069de72f6d06/build/node_modules/react-native-worklets-core/android/../cpp/WKTJsiDispatcher.h:94:22: note: for type 'const std::exception &'
[RUN_GRADLEW] C/C++:    94 |       } catch (const std::exception &err) {
[RUN_GRADLEW] C/C++:       |                      ^
[RUN_GRADLEW] C/C++: 1 warning generated.
[RUN_GRADLEW] > Task :react-native-worklets-core:externalNativeBuildRelease
[RUN_GRADLEW] > Task :react-native-worklets-core:prefabReleasePackage
[RUN_GRADLEW] > Task :react-native-vision-camera:buildCMakeRelWithDebInfo[arm64-v8a]
[RUN_GRADLEW] > Task :react-native-vision-camera:buildCMakeRelWithDebInfo[armeabi-v7a]
[RUN_GRADLEW] > Task :react-native-vision-camera:buildCMakeRelWithDebInfo[x86]
[RUN_GRADLEW] > Task :react-native-vision-camera:buildCMakeRelWithDebInfo[x86_64]
[RUN_GRADLEW] > Task :react-native-worklets-core:mergeReleaseJniLibFolders
[RUN_GRADLEW] > Task :react-native-worklets-core:mergeReleaseNativeLibs
[RUN_GRADLEW] > Task :app:configureCMakeRelWithDebInfo[armeabi-v7a]
[RUN_GRADLEW] > Task :react-native-worklets-core:copyReleaseJniLibsProjectOnly
[RUN_GRADLEW] > Task :app:configureCMakeRelWithDebInfo[x86]
[RUN_GRADLEW] > Task :react-native-vision-camera:externalNativeBuildRelease
[RUN_GRADLEW] > Task :react-native-vision-camera:prefabReleasePackage
[RUN_GRADLEW] > Task :app:buildCMakeRelWithDebInfo[arm64-v8a]
[RUN_GRADLEW] C/C++: ninja: Entering directory `/private/var/folders/n6/wzlyq5jx3553076lwg6z9x200000gn/T/eas-build-local-nodejs/40bea17f-40ab-4bb2-93cc-069de72f6d06/build/android/app/.cxx/RelWithDebInfo/o1rj2d21/arm64-v8a'
[RUN_GRADLEW] C/C++: /private/var/folders/n6/wzlyq5jx3553076lwg6z9x200000gn/T/eas-build-local-nodejs/40bea17f-40ab-4bb2-93cc-069de72f6d06/build/node_modules/react-native-svg/android/build/generated/source/codegen/jni/react/renderer/components/rnsvg/EventEmitters.cpp:31:44: warning: '$' in identifier [-Wdollar-in-identifier-extension]
[RUN_GRADLEW] C/C++:    31 | void RNSVGImageEventEmitter::onLoad(OnLoad $event) const {
[RUN_GRADLEW] C/C++:       |                                            ^
[RUN_GRADLEW] C/C++: /private/var/folders/n6/wzlyq5jx3553076lwg6z9x200000gn/T/eas-build-local-nodejs/40bea17f-40ab-4bb2-93cc-069de72f6d06/build/node_modules/react-native-svg/android/build/generated/source/codegen/jni/react/renderer/components/rnsvg/EventEmitters.cpp:32:26: warning: '$' in identifier [-Wdollar-in-identifier-extension]
[RUN_GRADLEW] C/C++:    32 |   dispatchEvent("load", [$event=std::move($event)](jsi::Runtime &runtime) {
[RUN_GRADLEW] C/C++:       |                          ^
[RUN_GRADLEW] C/C++: /private/var/folders/n6/wzlyq5jx3553076lwg6z9x200000gn/T/eas-build-local-nodejs/40bea17f-40ab-4bb2-93cc-069de72f6d06/build/node_modules/react-native-svg/android/build/generated/source/codegen/jni/react/renderer/components/rnsvg/EventEmitters.cpp:32:43: warning: '$' in identifier [-Wdollar-in-identifier-extension]
[RUN_GRADLEW] C/C++:    32 |   dispatchEvent("load", [$event=std::move($event)](jsi::Runtime &runtime) {
[RUN_GRADLEW] C/C++:       |                                           ^
[RUN_GRADLEW] C/C++: /private/var/folders/n6/wzlyq5jx3553076lwg6z9x200000gn/T/eas-build-local-nodejs/40bea17f-40ab-4bb2-93cc-069de72f6d06/build/node_modules/react-native-svg/android/build/generated/source/codegen/jni/react/renderer/components/rnsvg/EventEmitters.cpp:33:10: warning: '$' in identifier [-Wdollar-in-identifier-extension]
[RUN_GRADLEW] C/C++:    33 |     auto $payload = jsi::Object(runtime);
[RUN_GRADLEW] C/C++:       |          ^
[RUN_GRADLEW] C/C++: /private/var/folders/n6/wzlyq5jx3553076lwg6z9x200000gn/T/eas-build-local-nodejs/40bea17f-40ab-4bb2-93cc-069de72f6d06/build/node_modules/react-native-svg/android/build/generated/source/codegen/jni/react/renderer/components/rnsvg/EventEmitters.cpp:36:40: warning: '$' in identifier [-Wdollar-in-identifier-extension]
[RUN_GRADLEW] C/C++:    36 |   source.setProperty(runtime, "width", $event.source.width);
[RUN_GRADLEW] C/C++:       |                                        ^
[RUN_GRADLEW] C/C++: /private/var/folders/n6/wzlyq5jx3553076lwg6z9x200000gn/T/eas-build-local-nodejs/40bea17f-40ab-4bb2-93cc-069de72f6d06/build/node_modules/react-native-svg/android/build/generated/source/codegen/jni/react/renderer/components/rnsvg/EventEmitters.cpp:37:41: warning: '$' in identifier [-Wdollar-in-identifier-extension]
[RUN_GRADLEW] C/C++:    37 |   source.setProperty(runtime, "height", $event.source.height);
[RUN_GRADLEW] C/C++:       |                                         ^
[RUN_GRADLEW] C/C++: /private/var/folders/n6/wzlyq5jx3553076lwg6z9x200000gn/T/eas-build-local-nodejs/40bea17f-40ab-4bb2-93cc-069de72f6d06/build/node_modules/react-native-svg/android/build/generated/source/codegen/jni/react/renderer/components/rnsvg/EventEmitters.cpp:38:38: warning: '$' in identifier [-Wdollar-in-identifier-extension]
[RUN_GRADLEW] C/C++:    38 |   source.setProperty(runtime, "uri", $event.source.uri);
[RUN_GRADLEW] C/C++:       |                                      ^
[RUN_GRADLEW] C/C++: /private/var/folders/n6/wzlyq5jx3553076lwg6z9x200000gn/T/eas-build-local-nodejs/40bea17f-40ab-4bb2-93cc-069de72f6d06/build/node_modules/react-native-svg/android/build/generated/source/codegen/jni/react/renderer/components/rnsvg/EventEmitters.cpp:39:3: warning: '$' in identifier [-Wdollar-in-identifier-extension]
[RUN_GRADLEW] C/C++:    39 |   $payload.setProperty(runtime, "source", source);
[RUN_GRADLEW] C/C++:       |   ^
[RUN_GRADLEW] C/C++: /private/var/folders/n6/wzlyq5jx3553076lwg6z9x200000gn/T/eas-build-local-nodejs/40bea17f-40ab-4bb2-93cc-069de72f6d06/build/node_modules/react-native-svg/android/build/generated/source/codegen/jni/react/renderer/components/rnsvg/EventEmitters.cpp:41:12: warning: '$' in identifier [-Wdollar-in-identifier-extension]
[RUN_GRADLEW] C/C++:    41 |     return $payload;
[RUN_GRADLEW] C/C++:       |            ^
[RUN_GRADLEW] C/C++: 9 warnings generated.
[RUN_GRADLEW] > Task :app:buildCMakeRelWithDebInfo[armeabi-v7a]
[RUN_GRADLEW] C/C++: ninja: Entering directory `/private/var/folders/n6/wzlyq5jx3553076lwg6z9x200000gn/T/eas-build-local-nodejs/40bea17f-40ab-4bb2-93cc-069de72f6d06/build/android/app/.cxx/RelWithDebInfo/o1rj2d21/armeabi-v7a'
[RUN_GRADLEW] C/C++: /private/var/folders/n6/wzlyq5jx3553076lwg6z9x200000gn/T/eas-build-local-nodejs/40bea17f-40ab-4bb2-93cc-069de72f6d06/build/node_modules/react-native-svg/android/build/generated/source/codegen/jni/react/renderer/components/rnsvg/EventEmitters.cpp:31:44: warning: '$' in identifier [-Wdollar-in-identifier-extension]
[RUN_GRADLEW] C/C++:    31 | void RNSVGImageEventEmitter::onLoad(OnLoad $event) const {
[RUN_GRADLEW] C/C++:       |                                            ^
[RUN_GRADLEW] C/C++: /private/var/folders/n6/wzlyq5jx3553076lwg6z9x200000gn/T/eas-build-local-nodejs/40bea17f-40ab-4bb2-93cc-069de72f6d06/build/node_modules/react-native-svg/android/build/generated/source/codegen/jni/react/renderer/components/rnsvg/EventEmitters.cpp:32:26: warning: '$' in identifier [-Wdollar-in-identifier-extension]
[RUN_GRADLEW] C/C++:    32 |   dispatchEvent("load", [$event=std::move($event)](jsi::Runtime &runtime) {
[RUN_GRADLEW] C/C++:       |                          ^
[RUN_GRADLEW] C/C++: /private/var/folders/n6/wzlyq5jx3553076lwg6z9x200000gn/T/eas-build-local-nodejs/40bea17f-40ab-4bb2-93cc-069de72f6d06/build/node_modules/react-native-svg/android/build/generated/source/codegen/jni/react/renderer/components/rnsvg/EventEmitters.cpp:32:43: warning: '$' in identifier [-Wdollar-in-identifier-extension]
[RUN_GRADLEW] C/C++:    32 |   dispatchEvent("load", [$event=std::move($event)](jsi::Runtime &runtime) {
[RUN_GRADLEW] C/C++:       |                                           ^
[RUN_GRADLEW] C/C++: /private/var/folders/n6/wzlyq5jx3553076lwg6z9x200000gn/T/eas-build-local-nodejs/40bea17f-40ab-4bb2-93cc-069de72f6d06/build/node_modules/react-native-svg/android/build/generated/source/codegen/jni/react/renderer/components/rnsvg/EventEmitters.cpp:33:10: warning: '$' in identifier [-Wdollar-in-identifier-extension]
[RUN_GRADLEW] C/C++:    33 |     auto $payload = jsi::Object(runtime);
[RUN_GRADLEW] C/C++:       |          ^
[RUN_GRADLEW] C/C++: /private/var/folders/n6/wzlyq5jx3553076lwg6z9x200000gn/T/eas-build-local-nodejs/40bea17f-40ab-4bb2-93cc-069de72f6d06/build/node_modules/react-native-svg/android/build/generated/source/codegen/jni/react/renderer/components/rnsvg/EventEmitters.cpp:36:40: warning: '$' in identifier [-Wdollar-in-identifier-extension]
[RUN_GRADLEW] C/C++:    36 |   source.setProperty(runtime, "width", $event.source.width);
[RUN_GRADLEW] C/C++:       |                                        ^
[RUN_GRADLEW] C/C++: /private/var/folders/n6/wzlyq5jx3553076lwg6z9x200000gn/T/eas-build-local-nodejs/40bea17f-40ab-4bb2-93cc-069de72f6d06/build/node_modules/react-native-svg/android/build/generated/source/codegen/jni/react/renderer/components/rnsvg/EventEmitters.cpp:37:41: warning: '$' in identifier [-Wdollar-in-identifier-extension]
[RUN_GRADLEW] C/C++:    37 |   source.setProperty(runtime, "height", $event.source.height);
[RUN_GRADLEW] C/C++:       |                                         ^
[RUN_GRADLEW] C/C++: /private/var/folders/n6/wzlyq5jx3553076lwg6z9x200000gn/T/eas-build-local-nodejs/40bea17f-40ab-4bb2-93cc-069de72f6d06/build/node_modules/react-native-svg/android/build/generated/source/codegen/jni/react/renderer/components/rnsvg/EventEmitters.cpp:38:38: warning: '$' in identifier [-Wdollar-in-identifier-extension]
[RUN_GRADLEW] C/C++:    38 |   source.setProperty(runtime, "uri", $event.source.uri);
[RUN_GRADLEW] C/C++:       |                                      ^
[RUN_GRADLEW] C/C++: /private/var/folders/n6/wzlyq5jx3553076lwg6z9x200000gn/T/eas-build-local-nodejs/40bea17f-40ab-4bb2-93cc-069de72f6d06/build/node_modules/react-native-svg/android/build/generated/source/codegen/jni/react/renderer/components/rnsvg/EventEmitters.cpp:39:3: warning: '$' in identifier [-Wdollar-in-identifier-extension]
[RUN_GRADLEW] C/C++:    39 |   $payload.setProperty(runtime, "source", source);
[RUN_GRADLEW] C/C++:       |   ^
[RUN_GRADLEW] C/C++: /private/var/folders/n6/wzlyq5jx3553076lwg6z9x200000gn/T/eas-build-local-nodejs/40bea17f-40ab-4bb2-93cc-069de72f6d06/build/node_modules/react-native-svg/android/build/generated/source/codegen/jni/react/renderer/components/rnsvg/EventEmitters.cpp:41:12: warning: '$' in identifier [-Wdollar-in-identifier-extension]
[RUN_GRADLEW] C/C++:    41 |     return $payload;
[RUN_GRADLEW] C/C++:       |            ^
[RUN_GRADLEW] C/C++: 9 warnings generated.
[RUN_GRADLEW] > Task :app:buildCMakeRelWithDebInfo[x86]
[RUN_GRADLEW] C/C++: ninja: Entering directory `/private/var/folders/n6/wzlyq5jx3553076lwg6z9x200000gn/T/eas-build-local-nodejs/40bea17f-40ab-4bb2-93cc-069de72f6d06/build/android/app/.cxx/RelWithDebInfo/o1rj2d21/x86'
[RUN_GRADLEW] C/C++: /private/var/folders/n6/wzlyq5jx3553076lwg6z9x200000gn/T/eas-build-local-nodejs/40bea17f-40ab-4bb2-93cc-069de72f6d06/build/node_modules/react-native-svg/android/build/generated/source/codegen/jni/react/renderer/components/rnsvg/EventEmitters.cpp:31:44: warning: '$' in identifier [-Wdollar-in-identifier-extension]
[RUN_GRADLEW] C/C++:    31 | void RNSVGImageEventEmitter::onLoad(OnLoad $event) const {
[RUN_GRADLEW] C/C++:       |                                            ^
[RUN_GRADLEW] C/C++: /private/var/folders/n6/wzlyq5jx3553076lwg6z9x200000gn/T/eas-build-local-nodejs/40bea17f-40ab-4bb2-93cc-069de72f6d06/build/node_modules/react-native-svg/android/build/generated/source/codegen/jni/react/renderer/components/rnsvg/EventEmitters.cpp:32:26: warning: '$' in identifier [-Wdollar-in-identifier-extension]
[RUN_GRADLEW] C/C++:    32 |   dispatchEvent("load", [$event=std::move($event)](jsi::Runtime &runtime) {
[RUN_GRADLEW] C/C++:       |                          ^
[RUN_GRADLEW] C/C++: /private/var/folders/n6/wzlyq5jx3553076lwg6z9x200000gn/T/eas-build-local-nodejs/40bea17f-40ab-4bb2-93cc-069de72f6d06/build/node_modules/react-native-svg/android/build/generated/source/codegen/jni/react/renderer/components/rnsvg/EventEmitters.cpp:32:43: warning: '$' in identifier [-Wdollar-in-identifier-extension]
[RUN_GRADLEW] C/C++:    32 |   dispatchEvent("load", [$event=std::move($event)](jsi::Runtime &runtime) {
[RUN_GRADLEW] C/C++:       |                                           ^
[RUN_GRADLEW] C/C++: /private/var/folders/n6/wzlyq5jx3553076lwg6z9x200000gn/T/eas-build-local-nodejs/40bea17f-40ab-4bb2-93cc-069de72f6d06/build/node_modules/react-native-svg/android/build/generated/source/codegen/jni/react/renderer/components/rnsvg/EventEmitters.cpp:33:10: warning: '$' in identifier [-Wdollar-in-identifier-extension]
[RUN_GRADLEW] C/C++:    33 |     auto $payload = jsi::Object(runtime);
[RUN_GRADLEW] C/C++:       |          ^
[RUN_GRADLEW] C/C++: /private/var/folders/n6/wzlyq5jx3553076lwg6z9x200000gn/T/eas-build-local-nodejs/40bea17f-40ab-4bb2-93cc-069de72f6d06/build/node_modules/react-native-svg/android/build/generated/source/codegen/jni/react/renderer/components/rnsvg/EventEmitters.cpp:36:40: warning: '$' in identifier [-Wdollar-in-identifier-extension]
[RUN_GRADLEW] C/C++:    36 |   source.setProperty(runtime, "width", $event.source.width);
[RUN_GRADLEW] C/C++:       |                                        ^
[RUN_GRADLEW] C/C++: /private/var/folders/n6/wzlyq5jx3553076lwg6z9x200000gn/T/eas-build-local-nodejs/40bea17f-40ab-4bb2-93cc-069de72f6d06/build/node_modules/react-native-svg/android/build/generated/source/codegen/jni/react/renderer/components/rnsvg/EventEmitters.cpp:37:41: warning: '$' in identifier [-Wdollar-in-identifier-extension]
[RUN_GRADLEW] C/C++:    37 |   source.setProperty(runtime, "height", $event.source.height);
[RUN_GRADLEW] C/C++:       |                                         ^
[RUN_GRADLEW] C/C++: /private/var/folders/n6/wzlyq5jx3553076lwg6z9x200000gn/T/eas-build-local-nodejs/40bea17f-40ab-4bb2-93cc-069de72f6d06/build/node_modules/react-native-svg/android/build/generated/source/codegen/jni/react/renderer/components/rnsvg/EventEmitters.cpp:38:38: warning: '$' in identifier [-Wdollar-in-identifier-extension]
[RUN_GRADLEW] C/C++:    38 |   source.setProperty(runtime, "uri", $event.source.uri);
[RUN_GRADLEW] C/C++:       |                                      ^
[RUN_GRADLEW] C/C++: /private/var/folders/n6/wzlyq5jx3553076lwg6z9x200000gn/T/eas-build-local-nodejs/40bea17f-40ab-4bb2-93cc-069de72f6d06/build/node_modules/react-native-svg/android/build/generated/source/codegen/jni/react/renderer/components/rnsvg/EventEmitters.cpp:39:3: warning: '$' in identifier [-Wdollar-in-identifier-extension]
[RUN_GRADLEW] C/C++:    39 |   $payload.setProperty(runtime, "source", source);
[RUN_GRADLEW] C/C++:       |   ^
[RUN_GRADLEW] C/C++: /private/var/folders/n6/wzlyq5jx3553076lwg6z9x200000gn/T/eas-build-local-nodejs/40bea17f-40ab-4bb2-93cc-069de72f6d06/build/node_modules/react-native-svg/android/build/generated/source/codegen/jni/react/renderer/components/rnsvg/EventEmitters.cpp:41:12: warning: '$' in identifier [-Wdollar-in-identifier-extension]
[RUN_GRADLEW] C/C++:    41 |     return $payload;
[RUN_GRADLEW] C/C++:       |            ^
[RUN_GRADLEW] C/C++: 9 warnings generated.
[RUN_GRADLEW] > Task :app:configureCMakeRelWithDebInfo[x86_64]
[RUN_GRADLEW] > Task :app:buildCMakeRelWithDebInfo[x86_64]
[RUN_GRADLEW] C/C++: ninja: Entering directory `/private/var/folders/n6/wzlyq5jx3553076lwg6z9x200000gn/T/eas-build-local-nodejs/40bea17f-40ab-4bb2-93cc-069de72f6d06/build/android/app/.cxx/RelWithDebInfo/o1rj2d21/x86_64'
[RUN_GRADLEW] C/C++: /private/var/folders/n6/wzlyq5jx3553076lwg6z9x200000gn/T/eas-build-local-nodejs/40bea17f-40ab-4bb2-93cc-069de72f6d06/build/node_modules/react-native-svg/android/build/generated/source/codegen/jni/react/renderer/components/rnsvg/EventEmitters.cpp:31:44: warning: '$' in identifier [-Wdollar-in-identifier-extension]
[RUN_GRADLEW] C/C++:    31 | void RNSVGImageEventEmitter::onLoad(OnLoad $event) const {
[RUN_GRADLEW] C/C++:       |                                            ^
[RUN_GRADLEW] C/C++: /private/var/folders/n6/wzlyq5jx3553076lwg6z9x200000gn/T/eas-build-local-nodejs/40bea17f-40ab-4bb2-93cc-069de72f6d06/build/node_modules/react-native-svg/android/build/generated/source/codegen/jni/react/renderer/components/rnsvg/EventEmitters.cpp:32:26: warning: '$' in identifier [-Wdollar-in-identifier-extension]
[RUN_GRADLEW] C/C++:    32 |   dispatchEvent("load", [$event=std::move($event)](jsi::Runtime &runtime) {
[RUN_GRADLEW] C/C++:       |                          ^
[RUN_GRADLEW] C/C++: /private/var/folders/n6/wzlyq5jx3553076lwg6z9x200000gn/T/eas-build-local-nodejs/40bea17f-40ab-4bb2-93cc-069de72f6d06/build/node_modules/react-native-svg/android/build/generated/source/codegen/jni/react/renderer/components/rnsvg/EventEmitters.cpp:32:43: warning: '$' in identifier [-Wdollar-in-identifier-extension]
[RUN_GRADLEW] C/C++:    32 |   dispatchEvent("load", [$event=std::move($event)](jsi::Runtime &runtime) {
[RUN_GRADLEW] C/C++:       |                                           ^
[RUN_GRADLEW] C/C++: /private/var/folders/n6/wzlyq5jx3553076lwg6z9x200000gn/T/eas-build-local-nodejs/40bea17f-40ab-4bb2-93cc-069de72f6d06/build/node_modules/react-native-svg/android/build/generated/source/codegen/jni/react/renderer/components/rnsvg/EventEmitters.cpp:33:10: warning: '$' in identifier [-Wdollar-in-identifier-extension]
[RUN_GRADLEW] C/C++:    33 |     auto $payload = jsi::Object(runtime);
[RUN_GRADLEW] C/C++:       |          ^
[RUN_GRADLEW] C/C++: /private/var/folders/n6/wzlyq5jx3553076lwg6z9x200000gn/T/eas-build-local-nodejs/40bea17f-40ab-4bb2-93cc-069de72f6d06/build/node_modules/react-native-svg/android/build/generated/source/codegen/jni/react/renderer/components/rnsvg/EventEmitters.cpp:36:40: warning: '$' in identifier [-Wdollar-in-identifier-extension]
[RUN_GRADLEW] C/C++:    36 |   source.setProperty(runtime, "width", $event.source.width);
[RUN_GRADLEW] C/C++:       |                                        ^
[RUN_GRADLEW] C/C++: /private/var/folders/n6/wzlyq5jx3553076lwg6z9x200000gn/T/eas-build-local-nodejs/40bea17f-40ab-4bb2-93cc-069de72f6d06/build/node_modules/react-native-svg/android/build/generated/source/codegen/jni/react/renderer/components/rnsvg/EventEmitters.cpp:37:41: warning: '$' in identifier [-Wdollar-in-identifier-extension]
[RUN_GRADLEW] C/C++:    37 |   source.setProperty(runtime, "height", $event.source.height);
[RUN_GRADLEW] C/C++:       |                                         ^
[RUN_GRADLEW] C/C++: /private/var/folders/n6/wzlyq5jx3553076lwg6z9x200000gn/T/eas-build-local-nodejs/40bea17f-40ab-4bb2-93cc-069de72f6d06/build/node_modules/react-native-svg/android/build/generated/source/codegen/jni/react/renderer/components/rnsvg/EventEmitters.cpp:38:38: warning: '$' in identifier [-Wdollar-in-identifier-extension]
[RUN_GRADLEW] C/C++:    38 |   source.setProperty(runtime, "uri", $event.source.uri);
[RUN_GRADLEW] C/C++:       |                                      ^
[RUN_GRADLEW] C/C++: /private/var/folders/n6/wzlyq5jx3553076lwg6z9x200000gn/T/eas-build-local-nodejs/40bea17f-40ab-4bb2-93cc-069de72f6d06/build/node_modules/react-native-svg/android/build/generated/source/codegen/jni/react/renderer/components/rnsvg/EventEmitters.cpp:39:3: warning: '$' in identifier [-Wdollar-in-identifier-extension]
[RUN_GRADLEW] C/C++:    39 |   $payload.setProperty(runtime, "source", source);
[RUN_GRADLEW] C/C++:       |   ^
[RUN_GRADLEW] C/C++: /private/var/folders/n6/wzlyq5jx3553076lwg6z9x200000gn/T/eas-build-local-nodejs/40bea17f-40ab-4bb2-93cc-069de72f6d06/build/node_modules/react-native-svg/android/build/generated/source/codegen/jni/react/renderer/components/rnsvg/EventEmitters.cpp:41:12: warning: '$' in identifier [-Wdollar-in-identifier-extension]
[RUN_GRADLEW] C/C++:    41 |     return $payload;
[RUN_GRADLEW] C/C++:       |            ^
[RUN_GRADLEW] C/C++: 9 warnings generated.
[RUN_GRADLEW] > Task :app:mergeReleaseJniLibFolders
[RUN_GRADLEW] > Task :expo:mergeReleaseJniLibFolders
[RUN_GRADLEW] > Task :expo:mergeReleaseNativeLibs NO-SOURCE
[RUN_GRADLEW] > Task :expo:copyReleaseJniLibsProjectOnly
[RUN_GRADLEW] > Task :expo-constants:mergeReleaseJniLibFolders
[RUN_GRADLEW] > Task :expo-constants:mergeReleaseNativeLibs NO-SOURCE
[RUN_GRADLEW] > Task :expo-constants:copyReleaseJniLibsProjectOnly
[RUN_GRADLEW] > Task :expo-dev-client:mergeReleaseJniLibFolders
[RUN_GRADLEW] > Task :expo-dev-client:mergeReleaseNativeLibs NO-SOURCE
[RUN_GRADLEW] > Task :expo-dev-client:copyReleaseJniLibsProjectOnly
[RUN_GRADLEW] > Task :expo-dev-launcher:mergeReleaseJniLibFolders
[RUN_GRADLEW] > Task :expo-dev-launcher:mergeReleaseNativeLibs NO-SOURCE
[RUN_GRADLEW] > Task :expo-dev-launcher:copyReleaseJniLibsProjectOnly
[RUN_GRADLEW] > Task :expo-dev-menu:mergeReleaseJniLibFolders
[RUN_GRADLEW] > Task :expo-dev-menu:mergeReleaseNativeLibs NO-SOURCE
[RUN_GRADLEW] > Task :expo-dev-menu:copyReleaseJniLibsProjectOnly
[RUN_GRADLEW] > Task :expo-dev-menu-interface:mergeReleaseJniLibFolders
[RUN_GRADLEW] > Task :expo-dev-menu-interface:mergeReleaseNativeLibs NO-SOURCE
[RUN_GRADLEW] > Task :expo-dev-menu-interface:copyReleaseJniLibsProjectOnly
[RUN_GRADLEW] > Task :expo-image-loader:mergeReleaseJniLibFolders
[RUN_GRADLEW] > Task :expo-image-loader:mergeReleaseNativeLibs NO-SOURCE
[RUN_GRADLEW] > Task :expo-image-loader:copyReleaseJniLibsProjectOnly
[RUN_GRADLEW] > Task :expo-json-utils:mergeReleaseJniLibFolders
[RUN_GRADLEW] > Task :expo-json-utils:mergeReleaseNativeLibs NO-SOURCE
[RUN_GRADLEW] > Task :expo-json-utils:copyReleaseJniLibsProjectOnly
[RUN_GRADLEW] > Task :expo-manifests:mergeReleaseJniLibFolders
[RUN_GRADLEW] > Task :expo-manifests:mergeReleaseNativeLibs NO-SOURCE
[RUN_GRADLEW] > Task :expo-manifests:copyReleaseJniLibsProjectOnly
[RUN_GRADLEW] > Task :expo-modules-core:configureCMakeRelWithDebInfo[arm64-v8a]
[RUN_GRADLEW] > Task :expo-modules-core:buildCMakeRelWithDebInfo[arm64-v8a]
[RUN_GRADLEW] > Task :expo-modules-core:configureCMakeRelWithDebInfo[armeabi-v7a]
[RUN_GRADLEW] > Task :expo-modules-core:buildCMakeRelWithDebInfo[armeabi-v7a]
[RUN_GRADLEW] > Task :expo-modules-core:configureCMakeRelWithDebInfo[x86]
[RUN_GRADLEW] > Task :expo-modules-core:buildCMakeRelWithDebInfo[x86]
[RUN_GRADLEW] > Task :expo-modules-core:configureCMakeRelWithDebInfo[x86_64]
[RUN_GRADLEW] > Task :expo-modules-core:buildCMakeRelWithDebInfo[x86_64]
[RUN_GRADLEW] > Task :expo-modules-core:mergeReleaseJniLibFolders
[RUN_GRADLEW] > Task :expo-updates-interface:mergeReleaseJniLibFolders
[RUN_GRADLEW] > Task :expo-updates-interface:mergeReleaseNativeLibs NO-SOURCE
[RUN_GRADLEW] > Task :expo-updates-interface:copyReleaseJniLibsProjectOnly
[RUN_GRADLEW] > Task :react-native-async-storage_async-storage:mergeReleaseJniLibFolders
[RUN_GRADLEW] > Task :react-native-async-storage_async-storage:mergeReleaseNativeLibs NO-SOURCE
[RUN_GRADLEW] > Task :react-native-async-storage_async-storage:copyReleaseJniLibsProjectOnly
[RUN_GRADLEW] > Task :react-native-compressor:mergeReleaseJniLibFolders
[RUN_GRADLEW] > Task :react-native-compressor:mergeReleaseNativeLibs NO-SOURCE
[RUN_GRADLEW] > Task :react-native-compressor:copyReleaseJniLibsProjectOnly
[RUN_GRADLEW] > Task :react-native-edge-to-edge:mergeReleaseJniLibFolders
[RUN_GRADLEW] > Task :react-native-edge-to-edge:mergeReleaseNativeLibs NO-SOURCE
[RUN_GRADLEW] > Task :react-native-edge-to-edge:copyReleaseJniLibsProjectOnly
[RUN_GRADLEW] > Task :expo-modules-core:mergeReleaseNativeLibs
[RUN_GRADLEW] > Task :react-native-gesture-handler:configureCMakeRelWithDebInfo[arm64-v8a]
[RUN_GRADLEW] > Task :expo-modules-core:copyReleaseJniLibsProjectOnly
[RUN_GRADLEW] > Task :react-native-gesture-handler:buildCMakeRelWithDebInfo[arm64-v8a]
[RUN_GRADLEW] > Task :react-native-gesture-handler:configureCMakeRelWithDebInfo[armeabi-v7a]
[RUN_GRADLEW] > Task :react-native-gesture-handler:buildCMakeRelWithDebInfo[armeabi-v7a]
[RUN_GRADLEW] > Task :react-native-gesture-handler:configureCMakeRelWithDebInfo[x86]
[RUN_GRADLEW] > Task :react-native-gesture-handler:buildCMakeRelWithDebInfo[x86]
[RUN_GRADLEW] > Task :react-native-gesture-handler:configureCMakeRelWithDebInfo[x86_64]
[RUN_GRADLEW] > Task :react-native-gesture-handler:buildCMakeRelWithDebInfo[x86_64]
[RUN_GRADLEW] > Task :react-native-gesture-handler:mergeReleaseJniLibFolders
[RUN_GRADLEW] > Task :react-native-image-colors:mergeReleaseJniLibFolders
[RUN_GRADLEW] > Task :react-native-image-colors:mergeReleaseNativeLibs NO-SOURCE
[RUN_GRADLEW] > Task :react-native-gesture-handler:mergeReleaseNativeLibs
[RUN_GRADLEW] > Task :react-native-image-colors:copyReleaseJniLibsProjectOnly
[RUN_GRADLEW] > Task :react-native-keyboard-controller:mergeReleaseJniLibFolders
[RUN_GRADLEW] > Task :react-native-keyboard-controller:mergeReleaseNativeLibs NO-SOURCE
[RUN_GRADLEW] > Task :react-native-gesture-handler:copyReleaseJniLibsProjectOnly
[RUN_GRADLEW] > Task :react-native-keyboard-controller:copyReleaseJniLibsProjectOnly
[RUN_GRADLEW] > Task :react-native-linear-gradient:mergeReleaseJniLibFolders
[RUN_GRADLEW] > Task :react-native-linear-gradient:mergeReleaseNativeLibs NO-SOURCE
[RUN_GRADLEW] > Task :react-native-linear-gradient:copyReleaseJniLibsProjectOnly
[RUN_GRADLEW] > Task :react-native-reanimated:mergeReleaseJniLibFolders
[RUN_GRADLEW] > Task :react-native-safe-area-context:mergeReleaseJniLibFolders
[RUN_GRADLEW] > Task :react-native-safe-area-context:mergeReleaseNativeLibs NO-SOURCE
[RUN_GRADLEW] > Task :react-native-safe-area-context:copyReleaseJniLibsProjectOnly
[RUN_GRADLEW] > Task :react-native-reanimated:mergeReleaseNativeLibs
[RUN_GRADLEW] > Task :react-native-screens:configureCMakeRelWithDebInfo[arm64-v8a]
[RUN_GRADLEW] > Task :react-native-reanimated:copyReleaseJniLibsProjectOnly
[RUN_GRADLEW] > Task :react-native-screens:buildCMakeRelWithDebInfo[arm64-v8a]
[RUN_GRADLEW] > Task :react-native-screens:configureCMakeRelWithDebInfo[armeabi-v7a]
[RUN_GRADLEW] > Task :react-native-screens:buildCMakeRelWithDebInfo[armeabi-v7a]
[RUN_GRADLEW] > Task :react-native-screens:configureCMakeRelWithDebInfo[x86]
[RUN_GRADLEW] > Task :react-native-screens:buildCMakeRelWithDebInfo[x86]
[RUN_GRADLEW] > Task :react-native-screens:configureCMakeRelWithDebInfo[x86_64]
[RUN_GRADLEW] > Task :react-native-screens:buildCMakeRelWithDebInfo[x86_64]
[RUN_GRADLEW] > Task :react-native-screens:mergeReleaseJniLibFolders
[RUN_GRADLEW] > Task :react-native-svg:mergeReleaseJniLibFolders
[RUN_GRADLEW] > Task :react-native-svg:mergeReleaseNativeLibs NO-SOURCE
[RUN_GRADLEW] > Task :react-native-svg:copyReleaseJniLibsProjectOnly
[RUN_GRADLEW] > Task :react-native-video:mergeReleaseJniLibFolders
[RUN_GRADLEW] > Task :react-native-video:mergeReleaseNativeLibs NO-SOURCE
[RUN_GRADLEW] > Task :react-native-screens:mergeReleaseNativeLibs
[RUN_GRADLEW] > Task :react-native-video:copyReleaseJniLibsProjectOnly
[RUN_GRADLEW] > Task :react-native-vision-camera:mergeReleaseJniLibFolders
[RUN_GRADLEW] > Task :app:writeReleaseAppMetadata
[RUN_GRADLEW] > Task :react-native-screens:copyReleaseJniLibsProjectOnly
[RUN_GRADLEW] > Task :expo:prepareReleaseArtProfile
[RUN_GRADLEW] > Task :expo-constants:prepareReleaseArtProfile
[RUN_GRADLEW] > Task :expo-dev-client:prepareReleaseArtProfile
[RUN_GRADLEW] > Task :expo-dev-launcher:prepareReleaseArtProfile
[RUN_GRADLEW] > Task :expo-dev-menu:prepareReleaseArtProfile
[RUN_GRADLEW] > Task :expo-dev-menu-interface:prepareReleaseArtProfile
[RUN_GRADLEW] > Task :expo-image-loader:prepareReleaseArtProfile
[RUN_GRADLEW] > Task :expo-json-utils:prepareReleaseArtProfile
[RUN_GRADLEW] > Task :expo-manifests:prepareReleaseArtProfile
[RUN_GRADLEW] > Task :expo-modules-core:prepareReleaseArtProfile
[RUN_GRADLEW] > Task :expo-updates-interface:prepareReleaseArtProfile
[RUN_GRADLEW] > Task :react-native-async-storage_async-storage:prepareReleaseArtProfile
[RUN_GRADLEW] > Task :react-native-compressor:prepareReleaseArtProfile
[RUN_GRADLEW] > Task :react-native-edge-to-edge:prepareReleaseArtProfile
[RUN_GRADLEW] > Task :react-native-gesture-handler:prepareReleaseArtProfile
[RUN_GRADLEW] > Task :react-native-image-colors:prepareReleaseArtProfile
[RUN_GRADLEW] > Task :react-native-keyboard-controller:prepareReleaseArtProfile
[RUN_GRADLEW] > Task :react-native-linear-gradient:prepareReleaseArtProfile
[RUN_GRADLEW] > Task :react-native-reanimated:prepareReleaseArtProfile
[RUN_GRADLEW] > Task :react-native-safe-area-context:prepareReleaseArtProfile
[RUN_GRADLEW] > Task :react-native-screens:prepareReleaseArtProfile
[RUN_GRADLEW] > Task :react-native-svg:prepareReleaseArtProfile
[RUN_GRADLEW] > Task :react-native-video:prepareReleaseArtProfile
[RUN_GRADLEW] > Task :react-native-vision-camera:prepareReleaseArtProfile
[RUN_GRADLEW] > Task :react-native-worklets-core:prepareReleaseArtProfile
[RUN_GRADLEW] > Task :react-native-vision-camera:mergeReleaseNativeLibs
[RUN_GRADLEW] > Task :app:mergeReleaseArtProfile
[RUN_GRADLEW] > Task :react-native-vision-camera:copyReleaseJniLibsProjectOnly
[RUN_GRADLEW] > Task :app:collectReleaseDependencies
[RUN_GRADLEW] > Task :app:configureReleaseDependencies
[RUN_GRADLEW] > Task :app:validateSigningRelease
[RUN_GRADLEW] > Task :app:parseReleaseIntegrityConfig
[RUN_GRADLEW] > Task :app:compileReleaseArtProfile
[RUN_GRADLEW] > Task :app:mergeReleaseNativeLibs
[RUN_GRADLEW] > Task :app:stripReleaseDebugSymbols
[RUN_GRADLEW] > Task :app:buildReleasePreBundle
[RUN_GRADLEW] > Task :app:extractReleaseNativeSymbolTables
[RUN_GRADLEW] > Task :app:packageReleaseBundle
[RUN_GRADLEW] > Task :app:signReleaseBundle
[RUN_GRADLEW] > Task :app:produceReleaseBundleIdeListingFile
[RUN_GRADLEW] > Task :app:createReleaseBundleListingFileRedirect
[RUN_GRADLEW] > Task :app:bundleRelease
[RUN_GRADLEW] [Incubating] Problems report is available at: file:///private/var/folders/n6/wzlyq5jx3553076lwg6z9x200000gn/T/eas-build-local-nodejs/40bea17f-40ab-4bb2-93cc-069de72f6d06/build/android/build/reports/problems/problems-report.html
[RUN_GRADLEW] Deprecated Gradle features were used in this build, making it incompatible with Gradle 9.0.
[RUN_GRADLEW] You can use '--warning-mode all' to show the individual deprecation warnings and determine if they come from your own scripts or plugins.
[RUN_GRADLEW] For more on this, please refer to https://docs.gradle.org/8.13/userguide/command_line_interface.html#sec:command_line_warnings in the Gradle documentation.
[RUN_GRADLEW] BUILD SUCCESSFUL in 6m 38s
[RUN_GRADLEW] 727 actionable tasks: 726 executed, 1 up-to-date
[UPLOAD_APPLICATION_ARCHIVE] Application archives:
[UPLOAD_APPLICATION_ARCHIVE]   - /var/folders/n6/wzlyq5jx3553076lwg6z9x200000gn/T/eas-build-local-nodejs/40bea17f-40ab-4bb2-93cc-069de72f6d06/build/android/app/build/outputs/bundle/release/app-release.aab (61.4 MB)
[UPLOAD_APPLICATION_ARCHIVE] Uploading application archive...
[PREPARE_ARTIFACTS] Preparing artifacts
[PREPARE_ARTIFACTS] Writing artifacts to /Users/jack/orbyt/android-local-artifacts/build-1754716246791.aab

Build successful
You can find the build artifacts in /Users/jack/orbyt/android-local-artifacts/build-1754716246791.aab
